species,common_name,status,url
Anthus pratensis,Meadow pipit,Migrating,https://res.cloudinary.com/dnymlkh8e/image/upload/v1774947986/Anthus_pratensis_paqcy1.png
Phoenicurus phoenicurus,White-breasted waterhen,Common,https://res.cloudinary.com/dnymlkh8e/image/upload/v1774948037/Phoenicurus_phoenicurus_mifffi.png
Sylvia atricapilla,Eurasian blackcap,Common,https://res.cloudinary.com/dnymlkh8e/image/upload/v1774947995/Sylvia_atricapilla_pmgwld.png
Circus aeruginosus,Western marsh harrier,Migrating,https://res.cloudinary.com/dnymlkh8e/image/upload/v1774948009/Circus_aeruginosus_kugucg.png
Columba livia,Rock dove,Common,https://res.cloudinary.com/dnymlkh8e/image/upload/v1774947972/Columba_livia_xg7cyu.png
Hirundo rustica,Barn swallow,Migrating,https://res.cloudinary.com/dnymlkh8e/image/upload/v1774948022/Hirundo_rustica_vn9djy.png
Sturnus vulgaris,Common starling,Exotic,https://res.cloudinary.com/dnymlkh8e/image/upload/v1774948048/Sturnus_vulgaris_wexwfq.png
Porzana porzana,Porzana,Common,https://res.cloudinary.com/dnymlkh8e/image/upload/v1774948042/Porzana_porzana_qn6efa.png
Pernis apivorus,European honey buzzard,Common,https://res.cloudinary.com/dnymlkh8e/image/upload/v1774948036/Pernis_apivorus_hktwgo.png
Charadrius hiaticula,Common ringed plover,Common,https://res.cloudinary.com/dnymlkh8e/image/upload/v1774947970/Charadrius_hiaticula_y6fuxw.png
Streptopelia decaocto,Eurasian collared dove,Exotic,https://res.cloudinary.com/dnymlkh8e/image/upload/v1774948047/Streptopelia_decaocto_ivuo37.png
Sylvia borin,Garden warbler,Migrating,https://res.cloudinary.com/dnymlkh8e/image/upload/v1774948048/Sylvia_borin_blmdcs.png
Larus marinus,Great black-backed gull,Common,https://res.cloudinary.com/dnymlkh8e/image/upload/v1774948025/Larus_marinus_v6xdf3.png
Anser anser,Unknown,Unknown,https://res.cloudinary.com/dnymlkh8e/image/upload/v1774947974/Anser_anser_koxmwt.png
Acrocephalus palustris,Marsh warbler,Extinct,https://res.cloudinary.com/dnymlkh8e/image/upload/v1774948054/Acrocephalus_palustris_cro8ew.png
Periparus ater,Coal tit,Common,https://res.cloudinary.com/dnymlkh8e/image/upload/v1774948036/Periparus_ater_uye0ej.png
Pavo cristatus,Indian peafowl,Exotic,https://res.cloudinary.com/dnymlkh8e/image/upload/v1774947986/Pavo_cristatus_tpnmrz.png
Acrocephalus schoenobaenus,Sedge warbler,Migrating,https://res.cloudinary.com/dnymlkh8e/image/upload/v1774948054/Acrocephalus_schoenobaenus_owvgbz.png
Platalea leucorodia,Eurasian spoonbill,Migrating,https://res.cloudinary.com/dnymlkh8e/image/upload/v1774948040/Platalea_leucorodia_e39foo.png
Vanellus vanellus,Northern lapwing,Common,https://res.cloudinary.com/dnymlkh8e/image/upload/v1774948052/Vanellus_vanellus_p8gaqh.png
Mergus serrator,Red-breasted merganser,Endangered,https://res.cloudinary.com/dnymlkh8e/image/upload/v1774947984/Mergus_serrator_jdrtbq.png
Emberiza calandra,Corn bunting,Common,https://res.cloudinary.com/dnymlkh8e/image/upload/v1774947974/Emberiza_calandra_luvn9d.png
Linaria cannabina,Common linnet,Common,https://res.cloudinary.com/dnymlkh8e/image/upload/v1774947982/Linaria_cannabina_llhcez.png
Tadorna tadorna,Common shelduck,Extinct,https://res.cloudinary.com/dnymlkh8e/image/upload/v1774948049/Tadorna_tadorna_michxt.png
Troglodytes troglodytes,Eurasian wren,Migrating,https://res.cloudinary.com/dnymlkh8e/image/upload/v1774948051/Troglodytes_troglodytes_mp7dyy.png
Ficedula hypoleuca,European pied flycatcher,Migrating,https://res.cloudinary.com/dnymlkh8e/image/upload/v1774947976/Ficedula_hypoleuca_lwcrlm.png
Numenius phaeopus,Eurasian whimbrel,Common,https://res.cloudinary.com/dnymlkh8e/image/upload/v1774947985/Numenius_phaeopus_rhmabr.png
Lanius collurio,Red-backed shrike,Migrating,https://res.cloudinary.com/dnymlkh8e/image/upload/v1774948023/Lanius_collurio_s7ky56.png
Coloeus monedula,Western jackdaw,Common,https://res.cloudinary.com/dnymlkh8e/image/upload/v1774948010/Coloeus_monedula_fntgys.png
Phasianus colchicus,Common pheasant,Exotic,https://res.cloudinary.com/dnymlkh8e/image/upload/v1774947988/Phasianus_colchicus_mtvqkm.png
Pyrrhula pyrrhula,Eurasian bullfinch,Common,https://res.cloudinary.com/dnymlkh8e/image/upload/v1774947991/Pyrrhula_pyrrhula_vaccdq.png
Mergus merganser,Common merganser,Common,https://res.cloudinary.com/dnymlkh8e/image/upload/v1774947983/Mergus_merganser_clptvn.png
Bucephala clangula,Common goldeneye,Common,https://res.cloudinary.com/dnymlkh8e/image/upload/v1774947967/Bucephala_clangula_t79afi.png
Chloris chloris,European greenfinch,Exotic,https://res.cloudinary.com/dnymlkh8e/image/upload/v1774947970/Chloris_chloris_si00fa.png
Grus grus,Unknown,Unknown,https://res.cloudinary.com/dnymlkh8e/image/upload/v1774948020/Grus_grus_tshb1q.png
Turdus merula,Common blackbird,Exotic,https://res.cloudinary.com/dnymlkh8e/image/upload/v1774947997/Turdus_merula_ywycsl.png
Haliaeetus albicilla,White-tailed eagle,Extinct,https://res.cloudinary.com/dnymlkh8e/image/upload/v1774948021/Haliaeetus_albicilla_otzm0k.png
Anser albifrons,Greater white-fronted goose,Migrating,https://res.cloudinary.com/dnymlkh8e/image/upload/v1774947974/Anser_albifrons_rnaf1w.png
Cygnus cygnus,Swan,Extinct,https://res.cloudinary.com/dnymlkh8e/image/upload/v1774948013/Cygnus_cygnus_nfvxgj.png
Spinus spinus,Unknown,Unknown,https://res.cloudinary.com/dnymlkh8e/image/upload/v1774948046/Spinus_spinus_fpx4ti.png
Alauda arvensis,Eurasian skylark,Exotic,https://res.cloudinary.com/dnymlkh8e/image/upload/v1774947963/Alauda_arvensis_idwool.png
Garrulus glandarius,Eurasian jay,Common,https://res.cloudinary.com/dnymlkh8e/image/upload/v1774948019/Garrulus_glandarius_lsqold.png
Haematopus ostralegus,Eurasian oystercatcher,Common,https://res.cloudinary.com/dnymlkh8e/image/upload/v1774948021/Haematopus_ostralegus_lgor2x.png
Turdus philomelos,Song thrush,Endangered,https://res.cloudinary.com/dnymlkh8e/image/upload/v1774948051/Turdus_philomelos_bqpzhm.png
Loxia curvirostra,Red crossbill,Common,https://res.cloudinary.com/dnymlkh8e/image/upload/v1774948027/Loxia_curvirostra_tnoqfi.png
Cygnus olor,Mute swan,Exotic,https://res.cloudinary.com/dnymlkh8e/image/upload/v1774948013/Cygnus_olor_v1ggoz.png
Recurvirostra avosetta,Pied avocet,Migrating,https://res.cloudinary.com/dnymlkh8e/image/upload/v1774947991/Recurvirostra_avosetta_y6tutm.png
Phylloscopus collybita,Common chiffchaff,Extinct,https://res.cloudinary.com/dnymlkh8e/image/upload/v1774948038/Phylloscopus_collybita_ynwroi.png
Larus argentatus,European herring gull,Common,https://res.cloudinary.com/dnymlkh8e/image/upload/v1774948024/Larus_argentatus_iuxqso.png
Buteo buteo,Common buzzard,Common,https://res.cloudinary.com/dnymlkh8e/image/upload/v1774948002/Buteo_buteo_rhcc0g.png
Mareca penelope,Eurasian wigeon,Common,https://res.cloudinary.com/dnymlkh8e/image/upload/v1774948028/Mareca_penelope_ncclni.png
Ardea cinerea,Unknown,Unknown,https://res.cloudinary.com/dnymlkh8e/image/upload/v1774947993/Ardea_cinerea_xrq7t4.png
Fulica atra,Eurasian coot,Common,https://res.cloudinary.com/dnymlkh8e/image/upload/v1774948019/Fulica_atra_cowuw9.png
Gavia stellata,Red-throated loon,Migrating,https://res.cloudinary.com/dnymlkh8e/image/upload/v1774948020/Gavia_stellata_fanhkh.png
Pica pica,Unknown,Unknown,https://res.cloudinary.com/dnymlkh8e/image/upload/v1774948040/Pica_pica_e4qjwl.png
Anas platyrhynchos,Mallard,Extinct,https://res.cloudinary.com/dnymlkh8e/image/upload/v1774947972/Anas_platyrhynchos_nzwedi.png
Morus bassanus,Northern gannet,Migrating,https://res.cloudinary.com/dnymlkh8e/image/upload/v1774948030/Morus_bassanus_xzgta4.png
Larus canus,Common gull,Common,https://res.cloudinary.com/dnymlkh8e/image/upload/v1774948025/Larus_canus_l9r5is.png
Sylvia curruca,Lesser whitethroat,Migrating,https://res.cloudinary.com/dnymlkh8e/image/upload/v1774947995/Sylvia_curruca_p32par.png
Calidris alpina,Dunlin,Common,https://res.cloudinary.com/dnymlkh8e/image/upload/v1774948002/Calidris_alpina_yt8odn.png
Columba palumbus,Common wood pigeon,Common,https://res.cloudinary.com/dnymlkh8e/image/upload/v1774948010/Columba_palumbus_sguikp.png
Melanitta nigra,Common scoter,Common,https://res.cloudinary.com/dnymlkh8e/image/upload/v1774948029/Melanitta_nigra_w6yusw.png
Mareca strepera,Gadwall,Common,https://res.cloudinary.com/dnymlkh8e/image/upload/v1774948029/Mareca_strepera_ivzwcs.png
Strix aluco,Tawny owl,Migrating,https://res.cloudinary.com/dnymlkh8e/image/upload/v1774948047/Strix_aluco_j1dys5.png
Tyto alba,Western barn owl,Endangered,https://res.cloudinary.com/dnymlkh8e/image/upload/v1774948051/Tyto_alba_az9i2a.png
Motacilla flava,Western yellow wagtail,Migrating,https://res.cloudinary.com/dnymlkh8e/image/upload/v1774948031/Motacilla_flava_tq6di6.png
Falco tinnunculus,Common kestrel,Common,https://res.cloudinary.com/dnymlkh8e/image/upload/v1774947976/Falco_tinnunculus_hayuw1.png
Apus apus,Common swift,Endangered,https://res.cloudinary.com/dnymlkh8e/image/upload/v1774947987/Apus_apus_qrmavt.png
Emberiza schoeniclus,Common reed bunting,Common,https://res.cloudinary.com/dnymlkh8e/image/upload/v1774947975/Emberiza_schoeniclus_naeto3.png
Certhia brachydactyla,Short-toed treecreeper,Common,https://res.cloudinary.com/dnymlkh8e/image/upload/v1774948005/Certhia_brachydactyla_gdk01q.png
Poecile palustris,Marsh tit,Common,https://res.cloudinary.com/dnymlkh8e/image/upload/v1774948041/Poecile_palustris_awtiam.png
Aegithalos caudatus,Long-tailed tit,Common,https://res.cloudinary.com/dnymlkh8e/image/upload/v1774948054/Aegithalos_caudatus_htmipu.png
Coccothraustes coccothraustes,Hawfinch,Common,https://res.cloudinary.com/dnymlkh8e/image/upload/v1774948010/Coccothraustes_coccothraustes_qhf4az.png
Tringa totanus,Common redshank,Common,https://res.cloudinary.com/dnymlkh8e/image/upload/v1774948050/Tringa_totanus_i6bk5w.png
Numenius arquata,Eurasian curlew,Common,https://res.cloudinary.com/dnymlkh8e/image/upload/v1774948031/Numenius_arquata_dvjm1a.png
Ardea alba,Great egret,Common,https://res.cloudinary.com/dnymlkh8e/image/upload/v1774947965/Ardea_alba_ir5dlg.png
Calidris alba,Sanderling,Migrating,https://res.cloudinary.com/dnymlkh8e/image/upload/v1774947968/Calidris_alba_hwxcxg.png
Sylvia communis,Common whitethroat,Migrating,https://res.cloudinary.com/dnymlkh8e/image/upload/v1774947995/Sylvia_communis_lm2fxf.png
Accipiter nisus,Eurasian sparrowhawk,Common,https://res.cloudinary.com/dnymlkh8e/image/upload/v1774947962/Accipiter_nisus_btlri1.png
Mergellus albellus,Smew,Common,https://res.cloudinary.com/dnymlkh8e/image/upload/v1774948030/Mergellus_albellus_wmrdmc.png
Cyanistes caeruleus,Eurasian blue tit,Migrating,https://res.cloudinary.com/dnymlkh8e/image/upload/v1774948013/Cyanistes_caeruleus_woiqjr.png
Phalacrocorax carbo,Great cormorant,Common,https://res.cloudinary.com/dnymlkh8e/image/upload/v1774947987/Phalacrocorax_carbo_v7gtk9.png
Somateria mollissima,Common eider,Common,https://res.cloudinary.com/dnymlkh8e/image/upload/v1774948045/Somateria_mollissima_hryp16.png
Falco columbarius,Merlin (bird),Migrating,https://res.cloudinary.com/dnymlkh8e/image/upload/v1774948017/Falco_columbarius_yc5hmw.png
Motacilla alba,White wagtail,Migrating,https://res.cloudinary.com/dnymlkh8e/image/upload/v1774948030/Motacilla_alba_os45f0.png
Pluvialis squatarola,Grey plover,Common,https://res.cloudinary.com/dnymlkh8e/image/upload/v1774947990/Pluvialis_squatarola_ox47le.png
Anas crecca,Eurasian teal,Migrating,https://res.cloudinary.com/dnymlkh8e/image/upload/v1774947971/Anas_crecca_uq9rs2.png
Branta canadensis,Canada goose,Exotic,https://res.cloudinary.com/dnymlkh8e/image/upload/v1774947999/Branta_canadensis_cmahmm.png
Phalaropus lobatus,Red-necked phalarope,Migrating,https://res.cloudinary.com/dnymlkh8e/image/upload/v1774948036/Phalaropus_lobatus_ddkxxd.png
Aythya ferina,Common pochard,Common,https://res.cloudinary.com/dnymlkh8e/image/upload/v1774947997/Aythya_ferina_qh6nmw.png
Milvus milvus,Unknown,Unknown,https://res.cloudinary.com/dnymlkh8e/image/upload/v1774948030/Milvus_milvus_nca7em.png
Sternula albifrons,Little tern,Common,https://res.cloudinary.com/dnymlkh8e/image/upload/v1774948046/Sternula_albifrons_gkbcsq.png
Thalasseus sandvicensis,Sandwich tern,Common,https://res.cloudinary.com/dnymlkh8e/image/upload/v1774947996/Thalasseus_sandvicensis_vnhtaw.png
Sterna hirundo,Common tern,Endangered,https://res.cloudinary.com/dnymlkh8e/image/upload/v1774948046/Sterna_hirundo_wrp4rf.png
Aythya fuligula,Tufted duck,Migrating,https://res.cloudinary.com/dnymlkh8e/image/upload/v1774947966/Aythya_fuligula_p6rkei.png
Hydrocoloeus minutus,Little gull,Common,https://res.cloudinary.com/dnymlkh8e/image/upload/v1774948022/Hydrocoloeus_minutus_gphmk5.png
Uria aalge,Common murre,Migrating,https://res.cloudinary.com/dnymlkh8e/image/upload/v1774948052/Uria_aalge_pxrurk.png
Alcedo atthis,Common kingfisher,Migrating,https://res.cloudinary.com/dnymlkh8e/image/upload/v1774947965/Alcedo_atthis_jitcij.png
Calidris ferruginea,Curlew sandpiper,Endangered,https://res.cloudinary.com/dnymlkh8e/image/upload/v1774948003/Calidris_ferruginea_r14fdx.png
Saxicola rubicola,European stonechat,Common,https://res.cloudinary.com/dnymlkh8e/image/upload/v1774948044/Saxicola_rubicola_rdwp7z.png
Chroicocephalus ridibundus,Black-headed gull,Migrating,https://res.cloudinary.com/dnymlkh8e/image/upload/v1774947971/Chroicocephalus_ridibundus_wjhpno.png
Pluvialis apricaria,European golden plover,Common,https://res.cloudinary.com/dnymlkh8e/image/upload/v1774947989/Pluvialis_apricaria_bhfwu4.png
Circus cyaneus,Hen harrier,Migrating,https://res.cloudinary.com/dnymlkh8e/image/upload/v1774948009/Circus_cyaneus_d0drwf.png
Dendrocopos major,Great spotted woodpecker,Common,https://res.cloudinary.com/dnymlkh8e/image/upload/v1774948014/Dendrocopos_major_za9ilh.png
Parus major,Unknown,Unknown,https://res.cloudinary.com/dnymlkh8e/image/upload/v1774948034/Parus_major_m3q9lk.png
Gallinago gallinago,Common snipe,Common,https://res.cloudinary.com/dnymlkh8e/image/upload/v1774948018/Gallinago_gallinago_u8p3jo.png
Acanthis flammea,Redpoll,Common,https://res.cloudinary.com/dnymlkh8e/image/upload/v1774947962/Acanthis_flammea_acfccb.png
Tachybaptus ruficollis,Little grebe,Common,https://res.cloudinary.com/dnymlkh8e/image/upload/v1774947995/Tachybaptus_ruficollis_lziepa.png
Luscinia luscinia,Common nightingale,Common,https://res.cloudinary.com/dnymlkh8e/image/upload/v1774948027/Luscinia_luscinia_rpqiua.png
Buteo lagopus,Rough-legged buzzard,Migrating,https://res.cloudinary.com/dnymlkh8e/image/upload/v1774947968/Buteo_lagopus_tjsfae.png
Calidris pugnax,Ruff (bird),Migrating,https://res.cloudinary.com/dnymlkh8e/image/upload/v1774947969/Calidris_pugnax_vsgszr.png
Spatula clypeata,Northern shoveler,Migrating,https://res.cloudinary.com/dnymlkh8e/image/upload/v1774948045/Spatula_clypeata_p7pmnj.png
Tringa ochropus,Green sandpiper,Common,https://res.cloudinary.com/dnymlkh8e/image/upload/v1774948050/Tringa_ochropus_jfliya.png
Cuculus canorus,Common cuckoo,Common,https://res.cloudinary.com/dnymlkh8e/image/upload/v1774947973/Cuculus_canorus_vylctm.png
Fringilla montifringilla,Brambling,Migrating,https://res.cloudinary.com/dnymlkh8e/image/upload/v1774948018/Fringilla_montifringilla_miqapm.png
Branta leucopsis,Barnacle goose,Common,https://res.cloudinary.com/dnymlkh8e/image/upload/v1774947967/Branta_leucopsis_ujzmaf.png
Regulus ignicapilla,Common firecrest,Migrating,https://res.cloudinary.com/dnymlkh8e/image/upload/v1774947992/Regulus_ignicapilla_pqdlsa.png
Prunella modularis,Dunnock,Exotic,https://res.cloudinary.com/dnymlkh8e/image/upload/v1774947991/Prunella_modularis_kysapw.png
Fulmarus glacialis,Northern fulmar,Common,https://res.cloudinary.com/dnymlkh8e/image/upload/v1774948018/Fulmarus_glacialis_gro9d7.png
Carduelis carduelis,European goldfinch,Exotic,https://res.cloudinary.com/dnymlkh8e/image/upload/v1774948005/Carduelis_carduelis_lqhi8p.png
Fringilla coelebs,Eurasian chaffinch,Common,https://res.cloudinary.com/dnymlkh8e/image/upload/v1774947976/Fringilla_coelebs_rsg1rr.png
Anas acuta,Northern pintail,Endangered,https://res.cloudinary.com/dnymlkh8e/image/upload/v1774947970/Anas_acuta_s34tog.png
Regulus regulus,Goldcrest,Common,https://res.cloudinary.com/dnymlkh8e/image/upload/v1774947992/Regulus_regulus_bgv3ga.png
Falco peregrinus,Peregrine falcon,Endangered,https://res.cloudinary.com/dnymlkh8e/image/upload/v1774948016/Falco_peregrinus_lpsjgq.png
Calidris maritima,Purple sandpiper,Common,https://res.cloudinary.com/dnymlkh8e/image/upload/v1774948004/Calidris_maritima_pzuuid.png
Anthus spinoletta,Water pipit,Common,https://res.cloudinary.com/dnymlkh8e/image/upload/v1774947963/Anthus_spinoletta_ipc4op.png
Aythya marila,Greater scaup,Migrating,https://res.cloudinary.com/dnymlkh8e/image/upload/v1774947998/Aythya_marila_zelczj.png
Corvus corax,Common raven,Common,https://res.cloudinary.com/dnymlkh8e/image/upload/v1774948011/Corvus_corax_zh2kol.png
Turdus pilaris,Fieldfare,Migrating,https://res.cloudinary.com/dnymlkh8e/image/upload/v1774948051/Turdus_pilaris_srilgw.png
Corvus frugilegus,Rook (bird),Common,https://res.cloudinary.com/dnymlkh8e/image/upload/v1774948011/Corvus_frugilegus_eiabb7.png
Rallus aquaticus,Water rail,Endangered,https://res.cloudinary.com/dnymlkh8e/image/upload/v1774948043/Rallus_aquaticus_agxfys.png
Erithacus rubecula,European robin,Migrating,https://res.cloudinary.com/dnymlkh8e/image/upload/v1774947975/Erithacus_rubecula_bgeoel.png
Spatula querquedula,Garganey,Migrating,https://res.cloudinary.com/dnymlkh8e/image/upload/v1774948045/Spatula_querquedula_kh328j.png
Actitis hypoleucos,Common sandpiper,Common,https://res.cloudinary.com/dnymlkh8e/image/upload/v1774948054/Actitis_hypoleucos_lbanpy.png
Tringa nebularia,Common greenshank,Common,https://res.cloudinary.com/dnymlkh8e/image/upload/v1774947996/Tringa_nebularia_jjdsra.png
Panurus biarmicus,Bearded reedling,Common,https://res.cloudinary.com/dnymlkh8e/image/upload/v1774948034/Panurus_biarmicus_woqwau.png
Arenaria interpres,Ruddy turnstone,Migrating,https://res.cloudinary.com/dnymlkh8e/image/upload/v1774947996/Arenaria_interpres_lz6htn.png
Passer montanus,Eurasian tree sparrow,Endangered,https://res.cloudinary.com/dnymlkh8e/image/upload/v1774948035/Passer_montanus_xrxtcg.png
Anthus trivialis,Tree pipit,Common,https://res.cloudinary.com/dnymlkh8e/image/upload/v1774947965/Anthus_trivialis_shp6v0.png
Crex crex,Unknown,Unknown,https://res.cloudinary.com/dnymlkh8e/image/upload/v1774948011/Crex_crex_hrj4z5.png
Tringa glareola,Wood sandpiper,Common,https://res.cloudinary.com/dnymlkh8e/image/upload/v1774948049/Tringa_glareola_hwwx5e.png
Rissa tridactyla,Black-legged kittiwake,Common,https://res.cloudinary.com/dnymlkh8e/image/upload/v1774948044/Rissa_tridactyla_xp6xfs.png
Aquila chrysaetos,Golden eagle,Common,https://res.cloudinary.com/dnymlkh8e/image/upload/v1774947964/Aquila_chrysaetos_qx86br.png
Emberiza citrinella,Yellowhammer,Exotic,https://res.cloudinary.com/dnymlkh8e/image/upload/v1774947975/Emberiza_citrinella_kagkxu.png
Tringa erythropus,Spotted redshank,Migrating,https://res.cloudinary.com/dnymlkh8e/image/upload/v1774948049/Tringa_erythropus_ozzoof.png
Podiceps grisegena,Red-necked grebe,Migrating,https://res.cloudinary.com/dnymlkh8e/image/upload/v1774948040/Podiceps_grisegena_lwirsg.png
Melanitta fusca,Velvet scoter,Common,https://res.cloudinary.com/dnymlkh8e/image/upload/v1774947983/Melanitta_fusca_kbp93s.png
Delichon urbicum,Western house martin,Endangered,https://res.cloudinary.com/dnymlkh8e/image/upload/v1774948013/Delichon_urbicum_zdapsq.png
Linaria flavirostris,Twite,Migrating,https://res.cloudinary.com/dnymlkh8e/image/upload/v1774948026/Linaria_flavirostris_wcdivf.png
Larus fuscus,Lesser black-backed gull,Migrating,https://res.cloudinary.com/dnymlkh8e/image/upload/v1774948024/Larus_fuscus_tem7ui.png
Stercorarius skua,Great skua,Common,https://res.cloudinary.com/dnymlkh8e/image/upload/v1774948046/Stercorarius_skua_mfv031.png
Cepphus grylle,Black guillemot,Common,https://res.cloudinary.com/dnymlkh8e/image/upload/v1774947969/Cepphus_grylle_v30d90.png
Larus cachinnans,Caspian gull,Common,https://res.cloudinary.com/dnymlkh8e/image/upload/v1774948024/Larus_cachinnans_bgrioo.png
Passer domesticus,House sparrow,Common,https://res.cloudinary.com/dnymlkh8e/image/upload/v1774948034/Passer_domesticus_ke88tx.png
Lymnocryptes minimus,Jack snipe,Common,https://res.cloudinary.com/dnymlkh8e/image/upload/v1774947982/Lymnocryptes_minimus_mth2gs.png
Lophophanes cristatus,Crested tit,Common,https://res.cloudinary.com/dnymlkh8e/image/upload/v1774948027/Lophophanes_cristatus_auitq1.png
Gallinula chloropus,Common moorhen,Common,https://res.cloudinary.com/dnymlkh8e/image/upload/v1774948018/Gallinula_chloropus_ursmym.png
Limosa limosa,Black-tailed godwit,Endangered,https://res.cloudinary.com/dnymlkh8e/image/upload/v1774948026/Limosa_limosa_gcdzgh.png
Calidris canutus,Red knot,Common,https://res.cloudinary.com/dnymlkh8e/image/upload/v1774947968/Calidris_canutus_v1xm0r.png
Hippolais icterina,Icterine warbler,Migrating,https://res.cloudinary.com/dnymlkh8e/image/upload/v1774947979/Hippolais_icterina_i3xv9q.png
Riparia riparia,Sand martin,Migrating,https://res.cloudinary.com/dnymlkh8e/image/upload/v1774948043/Riparia_riparia_fv5cm5.png
Gavia arctica,Black-throated loon,Migrating,https://res.cloudinary.com/dnymlkh8e/image/upload/v1774948019/Gavia_arctica_mjjxtd.png
Perdix perdix,Grey partridge,Common,https://res.cloudinary.com/dnymlkh8e/image/upload/v1774947987/Perdix_perdix_lkmpsp.png
Falco subbuteo,Eurasian hobby,Common,https://res.cloudinary.com/dnymlkh8e/image/upload/v1774948017/Falco_subbuteo_unk4p3.png
Cygnus columbianus,Tundra swan,Common,https://res.cloudinary.com/dnymlkh8e/image/upload/v1774948012/Cygnus_columbianus_g0cqyv.png
Lullula arborea,Woodlark,Migrating,https://res.cloudinary.com/dnymlkh8e/image/upload/v1774948027/Lullula_arborea_vx13jn.png
Phylloscopus inornatus,Yellow-browed warbler,Migrating,https://res.cloudinary.com/dnymlkh8e/image/upload/v1774948038/Phylloscopus_inornatus_klkozn.png
Anser brachyrhynchus,Pink-footed goose,Migrating,https://res.cloudinary.com/dnymlkh8e/image/upload/v1774947976/Anser_brachyrhynchus_cenx4m.png
Aythya nyroca,Ferruginous duck,Common,https://res.cloudinary.com/dnymlkh8e/image/upload/v1774947999/Aythya_nyroca_mpqmjd.png
Stercorarius parasiticus,Parasitic jaeger,Migrating,https://res.cloudinary.com/dnymlkh8e/image/upload/v1774948046/Stercorarius_parasiticus_zi3ebe.png
Hydroprogne caspia,Caspian tern,Common,https://res.cloudinary.com/dnymlkh8e/image/upload/v1774947979/Hydroprogne_caspia_sazs2w.png
Podiceps cristatus,Great crested grebe,Common,https://res.cloudinary.com/dnymlkh8e/image/upload/v1774947990/Podiceps_cristatus_q1mtn3.png
Scolopax rusticola,Eurasian woodcock,Endangered,https://res.cloudinary.com/dnymlkh8e/image/upload/v1774948045/Scolopax_rusticola_ctz7gi.png
Turdus viscivorus,Mistle thrush,Common,https://res.cloudinary.com/dnymlkh8e/image/upload/v1774947997/Turdus_viscivorus_vzl99e.png
Ichthyaetus melanocephalus,Mediterranean gull,Common,https://res.cloudinary.com/dnymlkh8e/image/upload/v1774948022/Ichthyaetus_melanocephalus_yupe40.png
Phylloscopus trochilus,Willow warbler,Migrating,https://res.cloudinary.com/dnymlkh8e/image/upload/v1774948039/Phylloscopus_trochilus_dnhg1j.png
Sterna paradisaea,Arctic tern,Migrating,https://res.cloudinary.com/dnymlkh8e/image/upload/v1774947994/Sterna_paradisaea_bab9dw.png
Calidris temminckii,Temminck's stint,Migrating,https://res.cloudinary.com/dnymlkh8e/image/upload/v1774948004/Calidris_temminckii_zqfe8q.png
Locustella naevia,Common grasshopper warbler,Migrating,https://res.cloudinary.com/dnymlkh8e/image/upload/v1774948026/Locustella_naevia_xxfp0a.png
Botaurus stellaris,Eurasian bittern,Endangered,https://res.cloudinary.com/dnymlkh8e/image/upload/v1774947999/Botaurus_stellaris_v4k7iy.png
Sitta europaea,Eurasian nuthatch,Common,https://res.cloudinary.com/dnymlkh8e/image/upload/v1774947993/Sitta_europaea_oe2kjv.png
Muscicapa striata,Spotted flycatcher,Migrating,https://res.cloudinary.com/dnymlkh8e/image/upload/v1774948031/Muscicapa_striata_v49nfl.png
Oenanthe oenanthe,Northern wheatear,Migrating,https://res.cloudinary.com/dnymlkh8e/image/upload/v1774948033/Oenanthe_oenanthe_z6powh.png
Anser rossii,Ross's goose,Migrating,https://res.cloudinary.com/dnymlkh8e/image/upload/v1774947982/Anser_rossii_tbeqyj.png
Charadrius alexandrinus,Kentish plover,Migrating,https://res.cloudinary.com/dnymlkh8e/image/upload/v1774948006/Charadrius_alexandrinus_olzpzg.png
Cinclus cinclus,White-throated dipper,Common,https://res.cloudinary.com/dnymlkh8e/image/upload/v1774948008/Cinclus_cinclus_hpi6wr.png
Motacilla cinerea,Grey wagtail,Common,https://res.cloudinary.com/dnymlkh8e/image/upload/v1774948031/Motacilla_cinerea_ur82zb.png
Asio flammeus,Short-eared owl,Common,https://res.cloudinary.com/dnymlkh8e/image/upload/v1774947965/Asio_flammeus_tsk64q.png
Chlidonias niger,Black tern,Common,https://res.cloudinary.com/dnymlkh8e/image/upload/v1774947970/Chlidonias_niger_dpdkgd.png
Picus viridis,European green woodpecker,Common,https://res.cloudinary.com/dnymlkh8e/image/upload/v1774948039/Picus_viridis_xmzkte.png
Columba oenas,Stock dove,Migrating,https://res.cloudinary.com/dnymlkh8e/image/upload/v1774947972/Columba_oenas_dvroru.png
Himantopus himantopus,Black-winged stilt,Common,https://res.cloudinary.com/dnymlkh8e/image/upload/v1774948021/Himantopus_himantopus_pyyduk.png
Acrocephalus scirpaceus,Common reed warbler,Migrating,https://res.cloudinary.com/dnymlkh8e/image/upload/v1774948054/Acrocephalus_scirpaceus_jpyey4.png
Luscinia svecica,Bluethroat,Migrating,https://res.cloudinary.com/dnymlkh8e/image/upload/v1774948028/Luscinia_svecica_qzfixl.png
Plectrophenax nivalis,Snow bunting,Common,https://res.cloudinary.com/dnymlkh8e/image/upload/v1774947989/Plectrophenax_nivalis_reyygz.png
Alca torda,Razorbill,Extinct,https://res.cloudinary.com/dnymlkh8e/image/upload/v1774947964/Alca_torda_swxvi2.png
Anthus petrosus,European rock pipit,Migrating,https://res.cloudinary.com/dnymlkh8e/image/upload/v1774947985/Anthus_petrosus_xhisnm.png
Alle alle,Unknown,Unknown,https://res.cloudinary.com/dnymlkh8e/image/upload/v1774947969/Alle_alle_afqgha.png
Certhia familiaris,Eurasian treecreeper,Endangered,https://res.cloudinary.com/dnymlkh8e/image/upload/v1774948006/Certhia_familiaris_vrwfmj.png
Clangula hyemalis,Long-tailed duck,Common,https://res.cloudinary.com/dnymlkh8e/image/upload/v1774948009/Clangula_hyemalis_unfna9.png
Apus pallidus,Pallid swift,Common,https://res.cloudinary.com/dnymlkh8e/image/upload/v1774947989/Apus_pallidus_irmpnt.png
Pandion haliaetus,Osprey,Common,https://res.cloudinary.com/dnymlkh8e/image/upload/v1774948034/Pandion_haliaetus_cacqhx.png
Turdus iliacus,Redwing,Common,https://res.cloudinary.com/dnymlkh8e/image/upload/v1774947997/Turdus_iliacus_jnz3xb.png
Asio otus,Unknown,Unknown,https://res.cloudinary.com/dnymlkh8e/image/upload/v1774947997/Asio_otus_sndbxb.png
Anser fabalis,Taiga bean goose,Migrating,https://res.cloudinary.com/dnymlkh8e/image/upload/v1774947981/Anser_fabalis_d3mw1b.png
Coturnix coturnix,Common quail,Migrating,https://res.cloudinary.com/dnymlkh8e/image/upload/v1774948011/Coturnix_coturnix_ocx5gw.png
Phylloscopus sibillatrix,Wood warbler,Migrating,https://res.cloudinary.com/dnymlkh8e/image/upload/v1774948039/Phylloscopus_sibillatrix_xivllg.png
Calidris minuta,Little stint,Common,https://res.cloudinary.com/dnymlkh8e/image/upload/v1774948004/Calidris_minuta_avuro3.png
Limosa lapponica,Bar-tailed godwit,Migrating,https://res.cloudinary.com/dnymlkh8e/image/upload/v1774947981/Limosa_lapponica_f0kqa6.png
Streptopelia orientalis,Oriental turtle dove,Common,https://res.cloudinary.com/dnymlkh8e/image/upload/v1774947994/Streptopelia_orientalis_ab5w1d.png
Egretta garzetta,Little egret,Extinct,https://res.cloudinary.com/dnymlkh8e/image/upload/v1774947973/Egretta_garzetta_psths2.png
Cygnus atratus,Black swan,Exotic,https://res.cloudinary.com/dnymlkh8e/image/upload/v1774948012/Cygnus_atratus_c0xlq3.png
Carpodacus erythrinus,Common rosefinch,Common,https://res.cloudinary.com/dnymlkh8e/image/upload/v1774948005/Carpodacus_erythrinus_bpzyyt.png
Lanius excubitor,Great grey shrike,Common,https://res.cloudinary.com/dnymlkh8e/image/upload/v1774948023/Lanius_excubitor_cudtvr.png
Milvus migrans,Black kite,Migrating,https://res.cloudinary.com/dnymlkh8e/image/upload/v1774948030/Milvus_migrans_jb9eer.png
Caprimulgus europaeus,European nightjar,Migrating,https://res.cloudinary.com/dnymlkh8e/image/upload/v1774947969/Caprimulgus_europaeus_mljrty.png
Netta rufina,Red-crested pochard,Migrating,https://res.cloudinary.com/dnymlkh8e/image/upload/v1774947984/Netta_rufina_r6pl6h.png
Ciconia ciconia,White stork,Common,https://res.cloudinary.com/dnymlkh8e/image/upload/v1774948008/Ciconia_ciconia_yvd3fe.png
Saxicola rubetra,Whinchat,Migrating,https://res.cloudinary.com/dnymlkh8e/image/upload/v1774948044/Saxicola_rubetra_fdgcpn.png
Dryobates minor,Lesser spotted woodpecker,Common,https://res.cloudinary.com/dnymlkh8e/image/upload/v1774947973/Dryobates_minor_chwqtc.png
Bombycilla garrulus,Bohemian waxwing,Common,https://res.cloudinary.com/dnymlkh8e/image/upload/v1774947999/Bombycilla_garrulus_mniip0.png
Calidris melanotos,Pectoral sandpiper,Migrating,https://res.cloudinary.com/dnymlkh8e/image/upload/v1774948004/Calidris_melanotos_npx7ol.png
Branta bernicla,Brant (goose),Common,https://res.cloudinary.com/dnymlkh8e/image/upload/v1774947966/Branta_bernicla_qnrlck.png
Podiceps nigricollis,Black-necked grebe,Migrating,https://res.cloudinary.com/dnymlkh8e/image/upload/v1774948041/Podiceps_nigricollis_anlxwo.png
Aythya collaris,Ring-necked duck,Common,https://res.cloudinary.com/dnymlkh8e/image/upload/v1774947965/Aythya_collaris_uwxaeg.png
Gavia immer,Common loon,Endangered,https://res.cloudinary.com/dnymlkh8e/image/upload/v1774948019/Gavia_immer_dnmcsf.png
Turdus torquatus,Ring ouzel,Migrating,https://res.cloudinary.com/dnymlkh8e/image/upload/v1774948051/Turdus_torquatus_ttf2hq.png
Loxia pytyopsittacus,Parrot crossbill,Common,https://res.cloudinary.com/dnymlkh8e/image/upload/v1774948027/Loxia_pytyopsittacus_oqizyn.png
Eremophila alpestris,Horned lark,Common,https://res.cloudinary.com/dnymlkh8e/image/upload/v1774947974/Eremophila_alpestris_n8xcmn.png
Acrocephalus dumetorum,Blyth's reed warbler,Common,https://res.cloudinary.com/dnymlkh8e/image/upload/v1774947962/Acrocephalus_dumetorum_wsruiy.png
Dryocopus martius,Black woodpecker,Migrating,https://res.cloudinary.com/dnymlkh8e/image/upload/v1774947974/Dryocopus_martius_vdzrn7.png
Oenanthe hispanica,Western black-eared wheatear,Migrating,https://res.cloudinary.com/dnymlkh8e/image/upload/v1774948032/Oenanthe_hispanica_wv5rii.png
Melanitta americana,Black scoter,Endangered,https://res.cloudinary.com/dnymlkh8e/image/upload/v1774948028/Melanitta_americana_mshuyk.png
Phoenicurus ochruros,Black redstart,Common,https://res.cloudinary.com/dnymlkh8e/image/upload/v1774947988/Phoenicurus_ochruros_vnaqih.png
Jynx torquilla,Eurasian wryneck,Migrating,https://res.cloudinary.com/dnymlkh8e/image/upload/v1774948023/Jynx_torquilla_gyrvuf.png
Locustella fluviatilis,River warbler,Migrating,https://res.cloudinary.com/dnymlkh8e/image/upload/v1774948026/Locustella_fluviatilis_jh4fdr.png
Oriolus oriolus,Eurasian golden oriole,Common,https://res.cloudinary.com/dnymlkh8e/image/upload/v1774947986/Oriolus_oriolus_lqkv30.png
Glareola maldivarum,Oriental pratincole,Common,https://res.cloudinary.com/dnymlkh8e/image/upload/v1774947977/Glareola_maldivarum_a1w1yp.png
Anser serrirostris,Tundra bean goose,Migrating,https://res.cloudinary.com/dnymlkh8e/image/upload/v1774947982/Anser_serrirostris_cfpire.png
Porzana pusilla,Baillon's crake,Common,https://res.cloudinary.com/dnymlkh8e/image/upload/v1774948042/Porzana_pusilla_eo7hed.png
Ficedula parva,Red-breasted flycatcher,Migrating,https://res.cloudinary.com/dnymlkh8e/image/upload/v1774948017/Ficedula_parva_mkcmjz.png
Aquila nipalensis,Steppe eagle,Endangered,https://res.cloudinary.com/dnymlkh8e/image/upload/v1774947990/Aquila_nipalensis_mkvsej.png
Remiz pendulinus,Eurasian penduline tit,Migrating,https://res.cloudinary.com/dnymlkh8e/image/upload/v1774948043/Remiz_pendulinus_hp4y3v.png
Pastor roseus,Rosy starling,Common,https://res.cloudinary.com/dnymlkh8e/image/upload/v1774948035/Pastor_roseus_zclqw1.png
Somateria spectabilis,King eider,Common,https://res.cloudinary.com/dnymlkh8e/image/upload/v1774948045/Somateria_spectabilis_qrj5u0.png
Nucifraga caryocatactes,Northern nutcracker,Common,https://res.cloudinary.com/dnymlkh8e/image/upload/v1774947985/Nucifraga_caryocatactes_nj6nfr.png
Phylloscopus proregulus,Pallas's leaf warbler,Migrating,https://res.cloudinary.com/dnymlkh8e/image/upload/v1774948038/Phylloscopus_proregulus_wwu2vx.png
Circus pygargus,Montagu's harrier,Migrating,https://res.cloudinary.com/dnymlkh8e/image/upload/v1774948009/Circus_pygargus_xn5ire.png
Stercorarius longicaudus,Long-tailed jaeger,Common,https://res.cloudinary.com/dnymlkh8e/image/upload/v1774947993/Stercorarius_longicaudus_uf0r6l.png
Larus michahellis,Yellow-legged gull,Common,https://res.cloudinary.com/dnymlkh8e/image/upload/v1774948025/Larus_michahellis_numibb.png
Podiceps auritus,Horned grebe,Endangered,https://res.cloudinary.com/dnymlkh8e/image/upload/v1774948040/Podiceps_auritus_awzivb.png
Phylloscopus humei,Hume's leaf warbler,Migrating,https://res.cloudinary.com/dnymlkh8e/image/upload/v1774948038/Phylloscopus_humei_pxfbgy.png
Alopochen aegyptiaca,Egyptian goose,Exotic,https://res.cloudinary.com/dnymlkh8e/image/upload/v1774947970/Alopochen_aegyptiaca_vvkkcr.png
Charadrius morinellus,Eurasian dotterel,Migrating,https://res.cloudinary.com/dnymlkh8e/image/upload/v1774948006/Charadrius_morinellus_ihu9bo.png
Oxyura leucocephala,White-headed duck,Endangered,https://res.cloudinary.com/dnymlkh8e/image/upload/v1774947986/Oxyura_leucocephala_ilrwkj.png
Aix galericulata,Mandarin duck,Exotic,https://res.cloudinary.com/dnymlkh8e/image/upload/v1774948055/Aix_galericulata_x9rple.png
Anthus cervinus,Red-throated pipit,Common,https://res.cloudinary.com/dnymlkh8e/image/upload/v1774947984/Anthus_cervinus_ywzu4d.png
Ciconia nigra,Black stork,Endangered,https://res.cloudinary.com/dnymlkh8e/image/upload/v1774948008/Ciconia_nigra_ppbqjz.png
Acrocephalus arundinaceus,Great reed warbler,Migrating,https://res.cloudinary.com/dnymlkh8e/image/upload/v1774947962/Acrocephalus_arundinaceus_pwzrxk.png
Poecile montanus,Willow tit,Common,https://res.cloudinary.com/dnymlkh8e/image/upload/v1774948041/Poecile_montanus_dxdchx.png
Falco rusticolus,Gyrfalcon,Common,https://res.cloudinary.com/dnymlkh8e/image/upload/v1774947975/Falco_rusticolus_eusaum.png
Anthus richardi,Richard's pipit,Common,https://res.cloudinary.com/dnymlkh8e/image/upload/v1774947986/Anthus_richardi_wa9fud.png
Corvus corone,Carrion crow,Common,https://res.cloudinary.com/dnymlkh8e/image/upload/v1774948011/Corvus_corone_ys3zee.png
Larus hyperboreus,Glaucous gull,Common,https://res.cloudinary.com/dnymlkh8e/image/upload/v1774947980/Larus_hyperboreus_ah2xbz.png
Gavia adamsii,Yellow-billed loon,Common,https://res.cloudinary.com/dnymlkh8e/image/upload/v1774948019/Gavia_adamsii_cf2qv0.png
Falco vespertinus,Red-footed falcon,Migrating,https://res.cloudinary.com/dnymlkh8e/image/upload/v1774947976/Falco_vespertinus_mvollw.png
Pluvialis dominica,American golden plover,Common,https://res.cloudinary.com/dnymlkh8e/image/upload/v1774947990/Pluvialis_dominica_i0luhv.png
Anser caerulescens,Snow goose,Common,https://res.cloudinary.com/dnymlkh8e/image/upload/v1774947978/Anser_caerulescens_aiyvyj.png
Phalaropus tricolor,Wilson's phalarope,Migrating,https://res.cloudinary.com/dnymlkh8e/image/upload/v1774948037/Phalaropus_tricolor_rfldm9.png
Bubo bubo,Eurasian eagle-owl,Common,https://res.cloudinary.com/dnymlkh8e/image/upload/v1774948000/Bubo_bubo_g51nxe.png
Plegadis falcinellus,Glossy ibis,Common,https://res.cloudinary.com/dnymlkh8e/image/upload/v1774947989/Plegadis_falcinellus_ticilp.png
Dendrocoptes medius,Middle spotted woodpecker,Common,https://res.cloudinary.com/dnymlkh8e/image/upload/v1774948014/Dendrocoptes_medius_f5wvcp.png
Calcarius lapponicus,Lapland longspur,Common,https://res.cloudinary.com/dnymlkh8e/image/upload/v1774948002/Calcarius_lapponicus_ibjxvg.png
Circus macrourus,Pallid harrier,Common,https://res.cloudinary.com/dnymlkh8e/image/upload/v1774948009/Circus_macrourus_j7rhpd.png
Sylvia nisoria,Barred warbler,Migrating,https://res.cloudinary.com/dnymlkh8e/image/upload/v1774948048/Sylvia_nisoria_nei8hv.png
Gyps fulvus,Eurasian griffon vulture,Common,https://res.cloudinary.com/dnymlkh8e/image/upload/v1774948021/Gyps_fulvus_vjyzsa.png
Falco naumanni,Lesser kestrel,Common,https://res.cloudinary.com/dnymlkh8e/image/upload/v1774948016/Falco_naumanni_j2yykq.png
Calidris subruficollis,Buff-breasted sandpiper,Common,https://res.cloudinary.com/dnymlkh8e/image/upload/v1774948004/Calidris_subruficollis_todrer.png
Merops apiaster,European bee-eater,Migrating,https://res.cloudinary.com/dnymlkh8e/image/upload/v1774947983/Merops_apiaster_jlxm4q.png
Tringa melanoleuca,Greater yellowlegs,Common,https://res.cloudinary.com/dnymlkh8e/image/upload/v1774948050/Tringa_melanoleuca_rfa48g.png
Falco sparverius,American kestrel,Common,https://res.cloudinary.com/dnymlkh8e/image/upload/v1774948016/Falco_sparverius_exibjo.png
Melanitta perspicillata,Surf scoter,Common,https://res.cloudinary.com/dnymlkh8e/image/upload/v1774948029/Melanitta_perspicillata_lwbcnh.png
Phalaropus fulicarius,Red phalarope,Migrating,https://res.cloudinary.com/dnymlkh8e/image/upload/v1774948036/Phalaropus_fulicarius_ojxn7y.png
Microcarbo pygmaeus,Pygmy cormorant,Migrating,https://res.cloudinary.com/dnymlkh8e/image/upload/v1774947983/Microcarbo_pygmaeus_scdxl5.png
Aegolius funereus,Boreal owl,Common,https://res.cloudinary.com/dnymlkh8e/image/upload/v1774948054/Aegolius_funereus_jdm5l5.png
Oxyura jamaicensis,Ruddy duck,Exotic,https://res.cloudinary.com/dnymlkh8e/image/upload/v1774948033/Oxyura_jamaicensis_jekd2c.png
Tadorna ferruginea,Ruddy shelduck,Migrating,https://res.cloudinary.com/dnymlkh8e/image/upload/v1774947995/Tadorna_ferruginea_qemgwk.png
Calidris falcinellus,Broad-billed sandpiper,Common,https://res.cloudinary.com/dnymlkh8e/image/upload/v1774948002/Calidris_falcinellus_icf1kl.png
Serinus serinus,European serin,Common,https://res.cloudinary.com/dnymlkh8e/image/upload/v1774948044/Serinus_serinus_ikhsd2.png
Saxicola maurus,Siberian stonechat,Common,https://res.cloudinary.com/dnymlkh8e/image/upload/v1774948044/Saxicola_maurus_sdcbxr.png
Calidris bairdii,Baird's sandpiper,Common,https://res.cloudinary.com/dnymlkh8e/image/upload/v1774948002/Calidris_bairdii_dbvepc.png
Pinicola enucleator,Pine grosbeak,Common,https://res.cloudinary.com/dnymlkh8e/image/upload/v1774948039/Pinicola_enucleator_jazsrw.png
Oceanodroma leucorhoa,Leach's storm petrel,Common,https://res.cloudinary.com/dnymlkh8e/image/upload/v1774948032/Oceanodroma_leucorhoa_xbkg4k.png
Curruca subalpina,Moltoni's warbler,Common,https://res.cloudinary.com/dnymlkh8e/image/upload/v1774948012/Curruca_subalpina_wtic40.png
Cairina moschata,Muscovy duck,Common,https://res.cloudinary.com/dnymlkh8e/image/upload/v1774948001/Cairina_moschata_czvdxp.png
Curruca cantillans,Eastern subalpine warbler,Common,https://res.cloudinary.com/dnymlkh8e/image/upload/v1774948011/Curruca_cantillans_pvssbo.png
Anser indicus,Bar-headed goose,Common,https://res.cloudinary.com/dnymlkh8e/image/upload/v1774947981/Anser_indicus_pahzok.png
Locustella luscinioides,Savi's warbler,Migrating,https://res.cloudinary.com/dnymlkh8e/image/upload/v1774948026/Locustella_luscinioides_jxsojk.png
Aquila pomarina,Lesser spotted eagle,Common,https://res.cloudinary.com/dnymlkh8e/image/upload/v1774947992/Aquila_pomarina_g1fy1x.png
Phylloscopus fuscatus,Dusky warbler,Migrating,https://res.cloudinary.com/dnymlkh8e/image/upload/v1774947988/Phylloscopus_fuscatus_omkfag.png
Aquila fasciata,Bonelli's eagle,Extinct,https://res.cloudinary.com/dnymlkh8e/image/upload/v1774947990/Aquila_fasciata_v90exx.png
Bubulcus ibis,Western cattle egret,Migrating,https://res.cloudinary.com/dnymlkh8e/image/upload/v1774948000/Bubulcus_ibis_xcivzz.png
Burhinus oedicnemus,Eurasian stone-curlew,Common,https://res.cloudinary.com/dnymlkh8e/image/upload/v1774947967/Burhinus_oedicnemus_kkzqz5.png
Falco cherrug,Saker falcon,Migrating,https://res.cloudinary.com/dnymlkh8e/image/upload/v1774948016/Falco_cherrug_p3bhkz.png
Glareola pratincola,Collared pratincole,Common,https://res.cloudinary.com/dnymlkh8e/image/upload/v1774947977/Glareola_pratincola_bxm7uy.png
Chlidonias leucopterus,White-winged tern,Common,https://res.cloudinary.com/dnymlkh8e/image/upload/v1774948007/Chlidonias_leucopterus_byv4gp.png
Puffinus griseus,Sooty shearwater,Common,https://res.cloudinary.com/dnymlkh8e/image/upload/v1774948043/Puffinus_griseus_w3xtoa.png
Fratercula arctica,Atlantic puffin,Endangered,https://res.cloudinary.com/dnymlkh8e/image/upload/v1774947976/Fratercula_arctica_s7zaoz.png
Bucephala albeola,Bufflehead,Migrating,https://res.cloudinary.com/dnymlkh8e/image/upload/v1774948001/Bucephala_albeola_rsm39w.png
Larus glaucoides,Iceland gull,Common,https://res.cloudinary.com/dnymlkh8e/image/upload/v1774948025/Larus_glaucoides_ubdmgf.png
Branta ruficollis,Red-breasted goose,Endangered,https://res.cloudinary.com/dnymlkh8e/image/upload/v1774948000/Branta_ruficollis_zxm6uy.png
Chlidonias hybrida,Whiskered tern,Common,https://res.cloudinary.com/dnymlkh8e/image/upload/v1774948007/Chlidonias_hybrida_sikyk5.png
Surnia ulula,Northern hawk-owl,Migrating,https://res.cloudinary.com/dnymlkh8e/image/upload/v1774948048/Surnia_ulula_be2p1s.png
Mareca americana,American wigeon,Common,https://res.cloudinary.com/dnymlkh8e/image/upload/v1774947982/Mareca_americana_pwf7nj.png
Elanus caeruleus,Black-winged kite,Migrating,https://res.cloudinary.com/dnymlkh8e/image/upload/v1774948013/Elanus_caeruleus_d6uqdr.png
Puffinus puffinus,Unknown,Unknown,https://res.cloudinary.com/dnymlkh8e/image/upload/v1774947991/Puffinus_puffinus_imaply.png
Galerida cristata,Crested lark,Migrating,https://res.cloudinary.com/dnymlkh8e/image/upload/v1774948018/Galerida_cristata_yz6fne.png
Zonotrichia albicollis,White-throated sparrow,Common,https://res.cloudinary.com/dnymlkh8e/image/upload/v1774947998/Zonotrichia_albicollis_igpczm.png
Upupa epops,Eurasian hoopoe,Migrating,https://res.cloudinary.com/dnymlkh8e/image/upload/v1774948052/Upupa_epops_w1apcc.png
Gavia pacifica,Pacific loon,Common,https://res.cloudinary.com/dnymlkh8e/image/upload/v1774948019/Gavia_pacifica_ltv2hj.png
Setophaga aestiva,Yellow warbler,Common,https://res.cloudinary.com/dnymlkh8e/image/upload/v1774948044/Setophaga_aestiva_vc50yv.png
Lophodytes cucullatus,Hooded merganser,Common,https://res.cloudinary.com/dnymlkh8e/image/upload/v1774948027/Lophodytes_cucullatus_ddbtu8.png
Melanitta stejnegeri,Stejneger's scoter,Common,https://res.cloudinary.com/dnymlkh8e/image/upload/v1774948029/Melanitta_stejnegeri_yh3tvx.png
Phalacrocorax aristotelis,European shag,Common,https://res.cloudinary.com/dnymlkh8e/image/upload/v1774948036/Phalacrocorax_aristotelis_n2k57d.png
Melopsittacus undulatus,Budgerigar,Common,https://res.cloudinary.com/dnymlkh8e/image/upload/v1774948029/Melopsittacus_undulatus_xdlrmh.png
Stercorarius pomarinus,Pomarine jaeger,Common,https://res.cloudinary.com/dnymlkh8e/image/upload/v1774948046/Stercorarius_pomarinus_gjhkw7.png
Xema sabini,Sabine's gull,Common,https://res.cloudinary.com/dnymlkh8e/image/upload/v1774947998/Xema_sabini_hdkeej.png
Turdus atrogularis,Black-throated thrush,Migrating,https://res.cloudinary.com/dnymlkh8e/image/upload/v1774947996/Turdus_atrogularis_vlfdyd.png
Hieraaetus pennatus,Booted eagle,Migrating,https://res.cloudinary.com/dnymlkh8e/image/upload/v1774947978/Hieraaetus_pennatus_sov3w6.png
Passerina cyanea,Indigo bunting,Migrating,https://res.cloudinary.com/dnymlkh8e/image/upload/v1774948034/Passerina_cyanea_ta08zr.png
Grus canadensis,Sandhill crane,Common,https://res.cloudinary.com/dnymlkh8e/image/upload/v1774947977/Grus_canadensis_frzbvp.png
Phylloscopus schwarzi,Radde's warbler,Migrating,https://res.cloudinary.com/dnymlkh8e/image/upload/v1774947988/Phylloscopus_schwarzi_mtdrw4.png
Prunella montanella,Siberian accentor,Migrating,https://res.cloudinary.com/dnymlkh8e/image/upload/v1774948042/Prunella_montanella_qwdr8l.png
Luscinia megarhynchos,Common nightingale,Common,https://res.cloudinary.com/dnymlkh8e/image/upload/v1774948028/Luscinia_megarhynchos_cjwsr6.png
Emberiza hortulana,Ortolan bunting,Common,https://res.cloudinary.com/dnymlkh8e/image/upload/v1774948015/Emberiza_hortulana_hbyvp5.png
Cisticola juncidis,Zitting cisticola,Common,https://res.cloudinary.com/dnymlkh8e/image/upload/v1774947971/Cisticola_juncidis_njnnoe.png
Lanius senator,Woodchat shrike,Common,https://res.cloudinary.com/dnymlkh8e/image/upload/v1774947980/Lanius_senator_pdufnd.png
Motacilla tschutschensis,Eastern yellow wagtail,Migrating,https://res.cloudinary.com/dnymlkh8e/image/upload/v1774948031/Motacilla_tschutschensis_dsnn5t.png
Athene noctua,Little owl,Exotic,https://res.cloudinary.com/dnymlkh8e/image/upload/v1774947965/Athene_noctua_bw22kr.png
Emberiza pusilla,Little bunting,Common,https://res.cloudinary.com/dnymlkh8e/image/upload/v1774948015/Emberiza_pusilla_u5qmrp.png
Aythya affinis,Lesser scaup,Migrating,https://res.cloudinary.com/dnymlkh8e/image/upload/v1774947996/Aythya_affinis_yfqd0l.png
Nycticorax nycticorax,Black-crowned night heron,Common,https://res.cloudinary.com/dnymlkh8e/image/upload/v1774948032/Nycticorax_nycticorax_h241ug.png
Phylloscopus bonelli,Western Bonelli's warbler,Migrating,https://res.cloudinary.com/dnymlkh8e/image/upload/v1774948037/Phylloscopus_bonelli_oqmucp.png
Gypaetus barbatus,Bearded vulture,Endangered,https://res.cloudinary.com/dnymlkh8e/image/upload/v1774948020/Gypaetus_barbatus_k3sqto.png
Anser erythropus,Lesser white-fronted goose,Common,https://res.cloudinary.com/dnymlkh8e/image/upload/v1774947979/Anser_erythropus_wdazkx.png
Aquila clanga,Greater spotted eagle,Endangered,https://res.cloudinary.com/dnymlkh8e/image/upload/v1774947989/Aquila_clanga_ajn5qi.png
Psittacula krameri,Rose-ringed parakeet,Exotic,https://res.cloudinary.com/dnymlkh8e/image/upload/v1774948042/Psittacula_krameri_mtclt6.png
Sula leucogaster,Brown booby,Common,https://res.cloudinary.com/dnymlkh8e/image/upload/v1774947994/Sula_leucogaster_fl0cwy.png
Geronticus eremita,Northern bald ibis,Extinct,https://res.cloudinary.com/dnymlkh8e/image/upload/v1774947977/Geronticus_eremita_deeodt.png
Tringa flavipes,Lesser yellowlegs,Common,https://res.cloudinary.com/dnymlkh8e/image/upload/v1774948049/Tringa_flavipes_nqbik0.png
Sibirionetta formosa,Baikal teal,Common,https://res.cloudinary.com/dnymlkh8e/image/upload/v1774947992/Sibirionetta_formosa_lg2b54.png
Circaetus gallicus,Short-toed snake eagle,Common,https://res.cloudinary.com/dnymlkh8e/image/upload/v1774948008/Circaetus_gallicus_yuiatx.png
Monticola saxatilis,Common rock thrush,Endangered,https://res.cloudinary.com/dnymlkh8e/image/upload/v1774947984/Monticola_saxatilis_pszp9k.png
Actitis macularius,Spotted sandpiper,Common,https://res.cloudinary.com/dnymlkh8e/image/upload/v1774948053/Actitis_macularius_zyriki.png
Streptopelia turtur,European turtle dove,Endangered,https://res.cloudinary.com/dnymlkh8e/image/upload/v1774947994/Streptopelia_turtur_zzpaqj.png
Phylloscopus trochiloides,Greenish warbler,Migrating,https://res.cloudinary.com/dnymlkh8e/image/upload/v1774948039/Phylloscopus_trochiloides_nkmo29.png
Lanius minor,Lanius,Migrating,https://res.cloudinary.com/dnymlkh8e/image/upload/v1774947979/Lanius_minor_okw7d7.png
Apus caffer,White-rumped swift,Common,https://res.cloudinary.com/dnymlkh8e/image/upload/v1774947987/Apus_caffer_tymt4o.png
Gallinago media,Great snipe,Migrating,https://res.cloudinary.com/dnymlkh8e/image/upload/v1774947976/Gallinago_media_h8gey1.png
Melanocorypha bimaculata,Bimaculated lark,Common,https://res.cloudinary.com/dnymlkh8e/image/upload/v1774948029/Melanocorypha_bimaculata_xwunj0.png
Turdus eunomus,Dusky thrush,Migrating,https://res.cloudinary.com/dnymlkh8e/image/upload/v1774948050/Turdus_eunomus_kxobkl.png
Phylloscopus plumbeitarsus,Two-barred warbler,Migrating,https://res.cloudinary.com/dnymlkh8e/image/upload/v1774947988/Phylloscopus_plumbeitarsus_krsjfo.png
Loxia leucoptera,Two-barred crossbill,Common,https://res.cloudinary.com/dnymlkh8e/image/upload/v1774947982/Loxia_leucoptera_hdwtyy.png
Serinus canaria,Atlantic canary,Common,https://res.cloudinary.com/dnymlkh8e/image/upload/v1774947992/Serinus_canaria_pzrlb7.png
Glareola nordmanni,Black-winged pratincole,Common,https://res.cloudinary.com/dnymlkh8e/image/upload/v1774948020/Glareola_nordmanni_rc8v51.png
Glaucidium passerinum,Eurasian pygmy owl,Common,https://res.cloudinary.com/dnymlkh8e/image/upload/v1774947977/Glaucidium_passerinum_ukeqd4.png
Branta hutchinsii,Cackling goose,Common,https://res.cloudinary.com/dnymlkh8e/image/upload/v1774948000/Branta_hutchinsii_pu7jid.png
Nymphicus hollandicus,Cockatiel,Exotic,https://res.cloudinary.com/dnymlkh8e/image/upload/v1774948032/Nymphicus_hollandicus_d4krb1.png
Pagophila eburnea,Ivory gull,Common,https://res.cloudinary.com/dnymlkh8e/image/upload/v1774948033/Pagophila_eburnea_blnemc.png
Vanellus leucurus,White-tailed lapwing,Migrating,https://res.cloudinary.com/dnymlkh8e/image/upload/v1774948052/Vanellus_leucurus_rfzxml.png
Emberiza chrysophrys,Emberiza,Common,https://res.cloudinary.com/dnymlkh8e/image/upload/v1774948014/Emberiza_chrysophrys_sojdsq.png
Tringa stagnatilis,Marsh sandpiper,Common,https://res.cloudinary.com/dnymlkh8e/image/upload/v1774948050/Tringa_stagnatilis_dsnbpa.png
Curruca melanocephala,Sardinian warbler,Common,https://res.cloudinary.com/dnymlkh8e/image/upload/v1774948011/Curruca_melanocephala_dpabf5.png
Phylloscopus ibericus,Iberian chiffchaff,Common,https://res.cloudinary.com/dnymlkh8e/image/upload/v1774947988/Phylloscopus_ibericus_nhu8ep.png
Lanius phoenicuroides,Lanius,Migrating,https://res.cloudinary.com/dnymlkh8e/image/upload/v1774947980/Lanius_phoenicuroides_skn26a.png
Mareca sibilatrix,Chiloé wigeon,Common,https://res.cloudinary.com/dnymlkh8e/image/upload/v1774948028/Mareca_sibilatrix_qbqhcl.png
Emberiza cirlus,Cirl bunting,Exotic,https://res.cloudinary.com/dnymlkh8e/image/upload/v1774948014/Emberiza_cirlus_jaaser.png
Calandrella brachydactyla,Greater short-toed lark,Migrating,https://res.cloudinary.com/dnymlkh8e/image/upload/v1774948001/Calandrella_brachydactyla_angiks.png
Iduna pallida,Eastern olivaceous warbler,Common,https://res.cloudinary.com/dnymlkh8e/image/upload/v1774948023/Iduna_pallida_guobmc.png
Motacilla citreola,Citrine wagtail,Common,https://res.cloudinary.com/dnymlkh8e/image/upload/v1774948031/Motacilla_citreola_qf3bvw.png
Gelochelidon nilotica,Gull-billed tern,Common,https://res.cloudinary.com/dnymlkh8e/image/upload/v1774947977/Gelochelidon_nilotica_hb8hlb.png
Cecropis semirufa,Red-breasted swallow,Common,https://res.cloudinary.com/dnymlkh8e/image/upload/v1774948005/Cecropis_semirufa_a1lp3c.png
Oenanthe pleschanka,Pied wheatear,Migrating,https://res.cloudinary.com/dnymlkh8e/image/upload/v1774948033/Oenanthe_pleschanka_v6gdwg.png
Prunella atrogularis,Black-throated accentor,Migrating,https://res.cloudinary.com/dnymlkh8e/image/upload/v1774947990/Prunella_atrogularis_tdr9of.png
Bubo scandiacus,Snowy owl,Migrating,https://res.cloudinary.com/dnymlkh8e/image/upload/v1774947966/Bubo_scandiacus_ekvtbm.png
Anthus hodgsoni,Olive-backed pipit,Common,https://res.cloudinary.com/dnymlkh8e/image/upload/v1774947963/Anthus_hodgsoni_vddn9d.png
Buteo rufinus,Long-legged buzzard,Common,https://res.cloudinary.com/dnymlkh8e/image/upload/v1774948001/Buteo_rufinus_irqzmz.png
Calidris himantopus,Stilt sandpiper,Common,https://res.cloudinary.com/dnymlkh8e/image/upload/v1774948003/Calidris_himantopus_ejguny.png
Polysticta stelleri,Steller's eider,Endangered,https://res.cloudinary.com/dnymlkh8e/image/upload/v1774948041/Polysticta_stelleri_smgbs9.png
Hydrobates pelagicus,European storm petrel,Exotic,https://res.cloudinary.com/dnymlkh8e/image/upload/v1774948022/Hydrobates_pelagicus_s4yfdk.png
Bucanetes githagineus,Trumpeter finch,Common,https://res.cloudinary.com/dnymlkh8e/image/upload/v1774948001/Bucanetes_githagineus_soyj5d.png
Ardeola ralloides,Squacco heron,Common,https://res.cloudinary.com/dnymlkh8e/image/upload/v1774947993/Ardeola_ralloides_funzxf.png
Emberiza leucocephalos,Emberiza,Common,https://res.cloudinary.com/dnymlkh8e/image/upload/v1774948015/Emberiza_leucocephalos_kmbxf8.png
Aix sponsa,Wood duck,Migrating,https://res.cloudinary.com/dnymlkh8e/image/upload/v1774948055/Aix_sponsa_czjlgx.png
Anas rubripes,American black duck,Migrating,https://res.cloudinary.com/dnymlkh8e/image/upload/v1774947973/Anas_rubripes_ck4w9f.png
Emberiza rustica,Rustic bunting,Migrating,https://res.cloudinary.com/dnymlkh8e/image/upload/v1774948015/Emberiza_rustica_zaoqex.png
Xenus cinereus,Terek sandpiper,Migrating,https://res.cloudinary.com/dnymlkh8e/image/upload/v1774948053/Xenus_cinereus_d2ysvk.png
Larus delawarensis,Ring-billed gull,Common,https://res.cloudinary.com/dnymlkh8e/image/upload/v1774947980/Larus_delawarensis_oy2dqx.png
Spatula discors,Blue-winged teal,Common,https://res.cloudinary.com/dnymlkh8e/image/upload/v1774948045/Spatula_discors_icdfuf.png
Porzana parva,Little crake,Migrating,https://res.cloudinary.com/dnymlkh8e/image/upload/v1774948041/Porzana_parva_wt5ivz.png
Calidris fuscicollis,White-rumped sandpiper,Migrating,https://res.cloudinary.com/dnymlkh8e/image/upload/v1774948003/Calidris_fuscicollis_tdmzep.png
Tarsiger cyanurus,Red-flanked bluetail,Migrating,https://res.cloudinary.com/dnymlkh8e/image/upload/v1774948048/Tarsiger_cyanurus_rwvoxq.png
Ichthyaetus audouinii,Audouin's gull,Migrating,https://res.cloudinary.com/dnymlkh8e/image/upload/v1774948022/Ichthyaetus_audouinii_itxhtk.png
Oenanthe leucopyga,White-crowned wheatear,Common,https://res.cloudinary.com/dnymlkh8e/image/upload/v1774948033/Oenanthe_leucopyga_ch9mww.png
Limnodromus scolopaceus,Long-billed dowitcher,Common,https://res.cloudinary.com/dnymlkh8e/image/upload/v1774947981/Limnodromus_scolopaceus_f34onk.png
Carpodacus sibiricus,Siberian long-tailed rosefinch,Common,https://res.cloudinary.com/dnymlkh8e/image/upload/v1774948005/Carpodacus_sibiricus_q9vgau.png
Oenanthe deserti,Desert wheatear,Migrating,https://res.cloudinary.com/dnymlkh8e/image/upload/v1774948032/Oenanthe_deserti_v0mvr6.png
Otus scops,Scops owl,Common,https://res.cloudinary.com/dnymlkh8e/image/upload/v1774947986/Otus_scops_ebpk1e.png
Anthus campestris,Tawny pipit,Common,https://res.cloudinary.com/dnymlkh8e/image/upload/v1774947983/Anthus_campestris_oievyb.png
Zoothera aurea,White's thrush,Common,https://res.cloudinary.com/dnymlkh8e/image/upload/v1774947998/Zoothera_aurea_lldrez.png
Emberiza buchanani,Emberiza,Common,https://res.cloudinary.com/dnymlkh8e/image/upload/v1774948013/Emberiza_buchanani_awdrdn.png
Aquila heliaca,Eastern imperial eagle,Endangered,https://res.cloudinary.com/dnymlkh8e/image/upload/v1774947990/Aquila_heliaca_norl3j.png
Lanius schach,Long-tailed shrike,Common,https://res.cloudinary.com/dnymlkh8e/image/upload/v1774948023/Lanius_schach_plliil.png
Rhodostethia rosea,Ross's gull,Common,https://res.cloudinary.com/dnymlkh8e/image/upload/v1774947991/Rhodostethia_rosea_mcsinq.png
Pluvialis fulva,Pacific golden plover,Migrating,https://res.cloudinary.com/dnymlkh8e/image/upload/v1774948040/Pluvialis_fulva_pfral6.png
Oenanthe isabellina,Isabelline wheatear,Migrating,https://res.cloudinary.com/dnymlkh8e/image/upload/v1774947985/Oenanthe_isabellina_amxeea.png
Calidris acuminata,Sharp-tailed sandpiper,Migrating,https://res.cloudinary.com/dnymlkh8e/image/upload/v1774948002/Calidris_acuminata_gdogzv.png
Pelecanus crispus,Dalmatian pelican,Endangered,https://res.cloudinary.com/dnymlkh8e/image/upload/v1774948035/Pelecanus_crispus_gyzpyk.png
Marmaronetta angustirostris,Marbled duck,Common,https://res.cloudinary.com/dnymlkh8e/image/upload/v1774948028/Marmaronetta_angustirostris_n8wh3a.png
Calonectris diomedea,Scopoli's shearwater,Common,https://res.cloudinary.com/dnymlkh8e/image/upload/v1774947968/Calonectris_diomedea_fxeomy.png
Ficedula albicollis,Collared flycatcher,Migrating,https://res.cloudinary.com/dnymlkh8e/image/upload/v1774948017/Ficedula_albicollis_uyc4ya.png
Vanellus spinosus,Spur-winged lapwing,Common,https://res.cloudinary.com/dnymlkh8e/image/upload/v1774947997/Vanellus_spinosus_rdmtpl.png
Phylloscopus borealis,Arctic warbler,Migrating,https://res.cloudinary.com/dnymlkh8e/image/upload/v1774948037/Phylloscopus_borealis_wrhekk.png
Botaurus lentiginosus,American bittern,Common,https://res.cloudinary.com/dnymlkh8e/image/upload/v1774947999/Botaurus_lentiginosus_y5ngxl.png
Acrocephalus paludicola,Aquatic warbler,Migrating,https://res.cloudinary.com/dnymlkh8e/image/upload/v1774947962/Acrocephalus_paludicola_ukooam.png
Ardea purpurea,Purple heron,Common,https://res.cloudinary.com/dnymlkh8e/image/upload/v1774947993/Ardea_purpurea_aynt68.png
Thalassarche melanophris,Black-browed albatross,Common,https://res.cloudinary.com/dnymlkh8e/image/upload/v1774948049/Thalassarche_melanophris_p79lej.png
Anser cygnoides,Swan goose,Exotic,https://res.cloudinary.com/dnymlkh8e/image/upload/v1774947979/Anser_cygnoides_kxtubo.png
Haliaeetus pelagicus,Steller's sea eagle,Endangered,https://res.cloudinary.com/dnymlkh8e/image/upload/v1774948021/Haliaeetus_pelagicus_cysxtm.png
Anthus godlewskii,Blyth's pipit,Common,https://res.cloudinary.com/dnymlkh8e/image/upload/v1774947984/Anthus_godlewskii_ydvjxa.png
Chroicocephalus philadelphia,Bonaparte's gull,Common,https://res.cloudinary.com/dnymlkh8e/image/upload/v1774948007/Chroicocephalus_philadelphia_vp0tzw.png
Vireo olivaceus,Red-eyed vireo,Endangered,https://res.cloudinary.com/dnymlkh8e/image/upload/v1774948052/Vireo_olivaceus_vobmtp.png
Locustella lanceolata,Lanceolated warbler,Migrating,https://res.cloudinary.com/dnymlkh8e/image/upload/v1774947981/Locustella_lanceolata_blhdxo.png
Emberiza cineracea,Emberiza,Common,https://res.cloudinary.com/dnymlkh8e/image/upload/v1774948014/Emberiza_cineracea_cw50ay.png
Leucophaeus atricilla,Laughing gull,Common,https://res.cloudinary.com/dnymlkh8e/image/upload/v1774948026/Leucophaeus_atricilla_ljx9ms.png
Larus glaucescens,Glaucous-winged gull,Common,https://res.cloudinary.com/dnymlkh8e/image/upload/v1774948024/Larus_glaucescens_po7tm4.png
Larvivora sibilans,Rufous-tailed robin,Common,https://res.cloudinary.com/dnymlkh8e/image/upload/v1774948025/Larvivora_sibilans_eafiuw.png
Coracias garrulus,European roller,Common,https://res.cloudinary.com/dnymlkh8e/image/upload/v1774948010/Coracias_garrulus_uokusu.png
Pelecanus onocrotalus,Great white pelican,Endangered,https://res.cloudinary.com/dnymlkh8e/image/upload/v1774948035/Pelecanus_onocrotalus_lq81jp.png
Syrmaticus reevesii,Reeves's pheasant,Exotic,https://res.cloudinary.com/dnymlkh8e/image/upload/v1774948048/Syrmaticus_reevesii_inqdpm.png
Sterna dougallii,Roseate tern,Common,https://res.cloudinary.com/dnymlkh8e/image/upload/v1774947993/Sterna_dougallii_ggmfpp.png
Onychoprion anaethetus,Bridled tern,Common,https://res.cloudinary.com/dnymlkh8e/image/upload/v1774948033/Onychoprion_anaethetus_wqmfmo.png
Prunella collaris,Alpine accentor,Common,https://res.cloudinary.com/dnymlkh8e/image/upload/v1774947991/Prunella_collaris_th2o5d.png
Acrocephalus agricola,Paddyfield warbler,Migrating,https://res.cloudinary.com/dnymlkh8e/image/upload/v1774947962/Acrocephalus_agricola_akcgk1.png
Tachymarptis melba,Alpine swift,Migrating,https://res.cloudinary.com/dnymlkh8e/image/upload/v1774947995/Tachymarptis_melba_gqcxfl.png
Cygnus melancoryphus,Black-necked swan,Common,https://res.cloudinary.com/dnymlkh8e/image/upload/v1774948013/Cygnus_melancoryphus_esjreq.png
Sylvia nana,Asian desert warbler,Common,https://res.cloudinary.com/dnymlkh8e/image/upload/v1774947994/Sylvia_nana_fbbava.png
Zenaida macroura,Mourning dove,Common,https://res.cloudinary.com/dnymlkh8e/image/upload/v1774948053/Zenaida_macroura_eko05v.png
Cettia cetti,Cetti's warbler,Common,https://res.cloudinary.com/dnymlkh8e/image/upload/v1774948006/Cettia_cetti_q925zl.png
Alectoris rufa,Red-legged partridge,Common,https://res.cloudinary.com/dnymlkh8e/image/upload/v1774947967/Alectoris_rufa_rs0r43.png
Threskiornis aethiopicus,African sacred ibis,Common,https://res.cloudinary.com/dnymlkh8e/image/upload/v1774947995/Threskiornis_aethiopicus_fyjk12.png
Gyps rueppellii,Rüppell's vulture,Endangered,https://res.cloudinary.com/dnymlkh8e/image/upload/v1774947978/Gyps_rueppellii_ibfpc6.png
Vanellus gregarius,Sociable lapwing,Migrating,https://res.cloudinary.com/dnymlkh8e/image/upload/v1774947997/Vanellus_gregarius_yy8g0m.png
Iduna caligata,Booted warbler,Common,https://res.cloudinary.com/dnymlkh8e/image/upload/v1774947979/Iduna_caligata_da5glz.png
Cyanopica cooki,Iberian magpie,Common,https://res.cloudinary.com/dnymlkh8e/image/upload/v1774947973/Cyanopica_cooki_m7f2x5.png
Sturnus unicolor,Spotless starling,Migrating,https://res.cloudinary.com/dnymlkh8e/image/upload/v1774947994/Sturnus_unicolor_q4dx49.png
Phylloscopus griseolus,Sulphur-bellied warbler,Common,https://res.cloudinary.com/dnymlkh8e/image/upload/v1774948038/Phylloscopus_griseolus_s2b3l3.png
Hippolais polyglotta,Melodious warbler,Migrating,https://res.cloudinary.com/dnymlkh8e/image/upload/v1774947978/Hippolais_polyglotta_qo5kgg.png
Catharus ustulatus,Swainson's thrush,Common,https://res.cloudinary.com/dnymlkh8e/image/upload/v1774947969/Catharus_ustulatus_igstey.png
Curruca iberiae,Western subalpine warbler,Common,https://res.cloudinary.com/dnymlkh8e/image/upload/v1774948011/Curruca_iberiae_azmzcr.png
Cecropis daurica,Eastern red-rumped swallow,Common,https://res.cloudinary.com/dnymlkh8e/image/upload/v1774947969/Cecropis_daurica_n9wjco.png
Anthropoides virgo,Demoiselle crane,Migrating,https://res.cloudinary.com/dnymlkh8e/image/upload/v1774947982/Anthropoides_virgo_nk5vgi.png
Emberiza melanocephala,Black-headed bunting,Migrating,https://res.cloudinary.com/dnymlkh8e/image/upload/v1774948015/Emberiza_melanocephala_gmuyyg.png
Melanitta deglandi,White-winged scoter,Common,https://res.cloudinary.com/dnymlkh8e/image/upload/v1774947983/Melanitta_deglandi_pgyybf.png
Chloephaga picta,Upland goose,Common,https://res.cloudinary.com/dnymlkh8e/image/upload/v1774948007/Chloephaga_picta_hvujee.png
Uria lomvia,Thick-billed murre,Common,https://res.cloudinary.com/dnymlkh8e/image/upload/v1774948052/Uria_lomvia_lmnuol.png
Grus japonensis,Red-crowned crane,Common,https://res.cloudinary.com/dnymlkh8e/image/upload/v1774948020/Grus_japonensis_g5pvef.png
Calidris pusilla,Semipalmated sandpiper,Common,https://res.cloudinary.com/dnymlkh8e/image/upload/v1774948004/Calidris_pusilla_z0xbmz.png
Phoenicopterus roseus,Greater flamingo,Common,https://res.cloudinary.com/dnymlkh8e/image/upload/v1774947988/Phoenicopterus_roseus_ve6v6g.png
Aegypius monachus,Cinereous vulture,Common,https://res.cloudinary.com/dnymlkh8e/image/upload/v1774948055/Aegypius_monachus_bltsn3.png
Emberiza cia,Rock bunting,Common,https://res.cloudinary.com/dnymlkh8e/image/upload/v1774948014/Emberiza_cia_u3mlnz.png
Clamator glandarius,Great spotted cuckoo,Common,https://res.cloudinary.com/dnymlkh8e/image/upload/v1774948009/Clamator_glandarius_dfzsid.png
Emberiza bruniceps,Red-headed bunting,Migrating,https://res.cloudinary.com/dnymlkh8e/image/upload/v1774948014/Emberiza_bruniceps_h1be44.png
Calidris ruficollis,Red-necked stint,Migrating,https://res.cloudinary.com/dnymlkh8e/image/upload/v1774947968/Calidris_ruficollis_iuceue.png
Lanius cristatus,Brown shrike,Common,https://res.cloudinary.com/dnymlkh8e/image/upload/v1774948023/Lanius_cristatus_exkfio.png
Sylvia sarda,Marmora's warbler,Common,https://res.cloudinary.com/dnymlkh8e/image/upload/v1774948048/Sylvia_sarda_mckxrw.png
Picoides tridactylus,Eurasian three-toed woodpecker,Common,https://res.cloudinary.com/dnymlkh8e/image/upload/v1774947989/Picoides_tridactylus_c7uewq.png
Setophaga striata,Blackpoll warbler,Migrating,https://res.cloudinary.com/dnymlkh8e/image/upload/v1774947992/Setophaga_striata_ybol3k.png
Charadrius asiaticus,Caspian plover,Migrating,https://res.cloudinary.com/dnymlkh8e/image/upload/v1774948006/Charadrius_asiaticus_k8djky.png
Charadrius leschenaultii,Greater sand plover,Common,https://res.cloudinary.com/dnymlkh8e/image/upload/v1774948006/Charadrius_leschenaultii_xbigpt.png
Bartramia longicauda,Upland sandpiper,Common,https://res.cloudinary.com/dnymlkh8e/image/upload/v1774947999/Bartramia_longicauda_rdaur4.png
Pelecanus rufescens,Pink-backed pelican,Common,https://res.cloudinary.com/dnymlkh8e/image/upload/v1774948035/Pelecanus_rufescens_eksfwg.png
Phoeniconaias minor,Lesser flamingo,Common,https://res.cloudinary.com/dnymlkh8e/image/upload/v1774948037/Phoeniconaias_minor_hedt0o.png
Apus pacificus,Pacific swift,Migrating,https://res.cloudinary.com/dnymlkh8e/image/upload/v1774947988/Apus_pacificus_kqkxpq.png
Chroicocephalus genei,Slender-billed gull,Migrating,https://res.cloudinary.com/dnymlkh8e/image/upload/v1774947970/Chroicocephalus_genei_dyehcu.png
Psittacula eupatria,Alexandrine parakeet,Common,https://res.cloudinary.com/dnymlkh8e/image/upload/v1774948042/Psittacula_eupatria_bbmhr8.png
Chrysolophus pictus,Golden pheasant,Common,https://res.cloudinary.com/dnymlkh8e/image/upload/v1774948007/Chrysolophus_pictus_pn9mci.png
Spatula cyanoptera,Cinnamon teal,Common,https://res.cloudinary.com/dnymlkh8e/image/upload/v1774947993/Spatula_cyanoptera_nvwkq6.png
Ficedula albicilla,Taiga flycatcher,Migrating,https://res.cloudinary.com/dnymlkh8e/image/upload/v1774948017/Ficedula_albicilla_p6mpuf.png
Apus affinis,Little swift,Common,https://res.cloudinary.com/dnymlkh8e/image/upload/v1774947987/Apus_affinis_q17skn.png
Myiopsitta monachus,Monk parakeet,Common,https://res.cloudinary.com/dnymlkh8e/image/upload/v1774947985/Myiopsitta_monachus_pywf5n.png
Phylloscopus nitidus,Green warbler,Common,https://res.cloudinary.com/dnymlkh8e/image/upload/v1774948038/Phylloscopus_nitidus_c0jfxp.png
Puffinus gravis,Great shearwater,Common,https://res.cloudinary.com/dnymlkh8e/image/upload/v1774948043/Puffinus_gravis_qqpzsi.png
Ichthyaetus ichthyaetus,Pallas's gull,Common,https://res.cloudinary.com/dnymlkh8e/image/upload/v1774948022/Ichthyaetus_ichthyaetus_leekh4.png
Hirundapus caudacutus,White-throated needletail,Migrating,https://res.cloudinary.com/dnymlkh8e/image/upload/v1774947978/Hirundapus_caudacutus_jnc6b8.png
Catharus guttatus,Hermit thrush,Common,https://res.cloudinary.com/dnymlkh8e/image/upload/v1774948005/Catharus_guttatus_lsc3cf.png
Pernis ptilorhynchus,Crested honey buzzard,Common,https://res.cloudinary.com/dnymlkh8e/image/upload/v1774947987/Pernis_ptilorhynchus_ylr4ki.png
Falco eleonorae,Eleonora's falcon,Common,https://res.cloudinary.com/dnymlkh8e/image/upload/v1774948016/Falco_eleonorae_kfiw9o.png
Corvus albus,Pied crow,Common,https://res.cloudinary.com/dnymlkh8e/image/upload/v1774947972/Corvus_albus_kjmw4w.png
Ara militaris,Military macaw,Endangered,https://res.cloudinary.com/dnymlkh8e/image/upload/v1774947992/Ara_militaris_pjfah3.png
Haliaeetus leucocephalus,Bald eagle,Endangered,https://res.cloudinary.com/dnymlkh8e/image/upload/v1774947978/Haliaeetus_leucocephalus_qmv8cs.png
Thalasseus elegans,Elegant tern,Migrating,https://res.cloudinary.com/dnymlkh8e/image/upload/v1774948049/Thalasseus_elegans_udynfr.png
Alectoris chukar,Chukar partridge,Exotic,https://res.cloudinary.com/dnymlkh8e/image/upload/v1774947964/Alectoris_chukar_byrvom.png
Leucophaeus pipixcan,Franklin's gull,Common,https://res.cloudinary.com/dnymlkh8e/image/upload/v1774947981/Leucophaeus_pipixcan_yvne2x.png
Ptyonoprogne rupestris,Eurasian crag martin,Migrating,https://res.cloudinary.com/dnymlkh8e/image/upload/v1774948042/Ptyonoprogne_rupestris_cjyj41.png
Falco biarmicus,Lanner falcon,Common,https://res.cloudinary.com/dnymlkh8e/image/upload/v1774948015/Falco_biarmicus_uh10oq.png
Zonotrichia leucophrys,White-crowned sparrow,Migrating,https://res.cloudinary.com/dnymlkh8e/image/upload/v1774947998/Zonotrichia_leucophrys_urrnra.png
Turdus obscurus,Eyebrowed thrush,Migrating,https://res.cloudinary.com/dnymlkh8e/image/upload/v1774948051/Turdus_obscurus_lxvehn.png
Larus armenicus,Armenian gull,Common,https://res.cloudinary.com/dnymlkh8e/image/upload/v1774947980/Larus_armenicus_zcjahj.png
Passer hispaniolensis,Spanish sparrow,Common,https://res.cloudinary.com/dnymlkh8e/image/upload/v1774947986/Passer_hispaniolensis_m8owpj.png
