species,common_name,status,url,count
Anthus pratensis,Meadow pipit,Migrating,https://res.cloudinary.com/dnymlkh8e/image/upload/v1774947986/Anthus_pratensis_paqcy1.png,204263
Phoenicurus phoenicurus,White-breasted waterhen,Common,https://res.cloudinary.com/dnymlkh8e/image/upload/v1774948037/Phoenicurus_phoenicurus_mifffi.png,116730
Sylvia atricapilla,Eurasian blackcap,Common,https://res.cloudinary.com/dnymlkh8e/image/upload/v1774947995/Sylvia_atricapilla_pmgwld.png,227516
Circus aeruginosus,Western marsh harrier,Migrating,https://res.cloudinary.com/dnymlkh8e/image/upload/v1774948009/Circus_aeruginosus_kugucg.png,325953
Columba livia,Rock dove,Common,https://res.cloudinary.com/dnymlkh8e/image/upload/v1774947972/Columba_livia_xg7cyu.png,35271
Hirundo rustica,Barn swallow,Migrating,https://res.cloudinary.com/dnymlkh8e/image/upload/v1774948022/Hirundo_rustica_vn9djy.png,332231
Sturnus vulgaris,Common starling,Exotic,https://res.cloudinary.com/dnymlkh8e/image/upload/v1774948048/Sturnus_vulgaris_wexwfq.png,348348
Porzana porzana,Porzana,Common,https://res.cloudinary.com/dnymlkh8e/image/upload/v1774948042/Porzana_porzana_qn6efa.png,3127
Pernis apivorus,European honey buzzard,Common,https://res.cloudinary.com/dnymlkh8e/image/upload/v1774948036/Pernis_apivorus_hktwgo.png,75212
Charadrius hiaticula,Common ringed plover,Common,https://res.cloudinary.com/dnymlkh8e/image/upload/v1774947970/Charadrius_hiaticula_y6fuxw.png,155253
Streptopelia decaocto,Eurasian collared dove,Exotic,https://res.cloudinary.com/dnymlkh8e/image/upload/v1774948047/Streptopelia_decaocto_ivuo37.png,109661
Sylvia borin,Garden warbler,Migrating,https://res.cloudinary.com/dnymlkh8e/image/upload/v1774948048/Sylvia_borin_blmdcs.png,88432
Larus marinus,Great black-backed gull,Common,https://res.cloudinary.com/dnymlkh8e/image/upload/v1774948025/Larus_marinus_v6xdf3.png,210295
Anser anser,Unknown,Unknown,https://res.cloudinary.com/dnymlkh8e/image/upload/v1774947974/Anser_anser_koxmwt.png,649110
Acrocephalus palustris,Marsh warbler,Extinct,https://res.cloudinary.com/dnymlkh8e/image/upload/v1774948054/Acrocephalus_palustris_cro8ew.png,60444
Periparus ater,Coal tit,Common,https://res.cloudinary.com/dnymlkh8e/image/upload/v1774948036/Periparus_ater_uye0ej.png,100497
Pavo cristatus,Indian peafowl,Exotic,https://res.cloudinary.com/dnymlkh8e/image/upload/v1774947986/Pavo_cristatus_tpnmrz.png,812
Acrocephalus schoenobaenus,Sedge warbler,Migrating,https://res.cloudinary.com/dnymlkh8e/image/upload/v1774948054/Acrocephalus_schoenobaenus_owvgbz.png,44962
Platalea leucorodia,Eurasian spoonbill,Migrating,https://res.cloudinary.com/dnymlkh8e/image/upload/v1774948040/Platalea_leucorodia_e39foo.png,43265
Vanellus vanellus,Northern lapwing,Common,https://res.cloudinary.com/dnymlkh8e/image/upload/v1774948052/Vanellus_vanellus_p8gaqh.png,406078
Mergus serrator,Red-breasted merganser,Endangered,https://res.cloudinary.com/dnymlkh8e/image/upload/v1774947984/Mergus_serrator_jdrtbq.png,183117
Emberiza calandra,Corn bunting,Common,https://res.cloudinary.com/dnymlkh8e/image/upload/v1774947974/Emberiza_calandra_luvn9d.png,66363
Linaria cannabina,Common linnet,Common,https://res.cloudinary.com/dnymlkh8e/image/upload/v1774947982/Linaria_cannabina_llhcez.png,176464
Tadorna tadorna,Common shelduck,Extinct,https://res.cloudinary.com/dnymlkh8e/image/upload/v1774948049/Tadorna_tadorna_michxt.png,297216
Troglodytes troglodytes,Eurasian wren,Migrating,https://res.cloudinary.com/dnymlkh8e/image/upload/v1774948051/Troglodytes_troglodytes_mp7dyy.png,368899
Ficedula hypoleuca,European pied flycatcher,Migrating,https://res.cloudinary.com/dnymlkh8e/image/upload/v1774947976/Ficedula_hypoleuca_lwcrlm.png,28586
Numenius phaeopus,Eurasian whimbrel,Common,https://res.cloudinary.com/dnymlkh8e/image/upload/v1774947985/Numenius_phaeopus_rhmabr.png,39512
Lanius collurio,Red-backed shrike,Migrating,https://res.cloudinary.com/dnymlkh8e/image/upload/v1774948023/Lanius_collurio_s7ky56.png,69402
Coloeus monedula,Western jackdaw,Common,https://res.cloudinary.com/dnymlkh8e/image/upload/v1774948010/Coloeus_monedula_fntgys.png,257424
Phasianus colchicus,Common pheasant,Exotic,https://res.cloudinary.com/dnymlkh8e/image/upload/v1774947988/Phasianus_colchicus_mtvqkm.png,154396
Pyrrhula pyrrhula,Eurasian bullfinch,Common,https://res.cloudinary.com/dnymlkh8e/image/upload/v1774947991/Pyrrhula_pyrrhula_vaccdq.png,203303
Mergus merganser,Common merganser,Common,https://res.cloudinary.com/dnymlkh8e/image/upload/v1774947983/Mergus_merganser_clptvn.png,189193
Bucephala clangula,Common goldeneye,Common,https://res.cloudinary.com/dnymlkh8e/image/upload/v1774947967/Bucephala_clangula_t79afi.png,253696
Chloris chloris,European greenfinch,Exotic,https://res.cloudinary.com/dnymlkh8e/image/upload/v1774947970/Chloris_chloris_si00fa.png,283964
Grus grus,Unknown,Unknown,https://res.cloudinary.com/dnymlkh8e/image/upload/v1774948020/Grus_grus_tshb1q.png,175607
Turdus merula,Common blackbird,Exotic,https://res.cloudinary.com/dnymlkh8e/image/upload/v1774947997/Turdus_merula_ywycsl.png,531240
Haliaeetus albicilla,White-tailed eagle,Extinct,https://res.cloudinary.com/dnymlkh8e/image/upload/v1774948021/Haliaeetus_albicilla_otzm0k.png,327913
Anser albifrons,Greater white-fronted goose,Migrating,https://res.cloudinary.com/dnymlkh8e/image/upload/v1774947974/Anser_albifrons_rnaf1w.png,101557
Cygnus cygnus,Swan,Extinct,https://res.cloudinary.com/dnymlkh8e/image/upload/v1774948013/Cygnus_cygnus_nfvxgj.png,279389
Spinus spinus,Unknown,Unknown,https://res.cloudinary.com/dnymlkh8e/image/upload/v1774948046/Spinus_spinus_fpx4ti.png,165831
Alauda arvensis,Eurasian skylark,Exotic,https://res.cloudinary.com/dnymlkh8e/image/upload/v1774947963/Alauda_arvensis_idwool.png,285712
Garrulus glandarius,Eurasian jay,Common,https://res.cloudinary.com/dnymlkh8e/image/upload/v1774948019/Garrulus_glandarius_lsqold.png,187922
Haematopus ostralegus,Eurasian oystercatcher,Common,https://res.cloudinary.com/dnymlkh8e/image/upload/v1774948021/Haematopus_ostralegus_lgor2x.png,291415
Turdus philomelos,Song thrush,Endangered,https://res.cloudinary.com/dnymlkh8e/image/upload/v1774948051/Turdus_philomelos_bqpzhm.png,176853
Loxia curvirostra,Red crossbill,Common,https://res.cloudinary.com/dnymlkh8e/image/upload/v1774948027/Loxia_curvirostra_tnoqfi.png,83105
Cygnus olor,Mute swan,Exotic,https://res.cloudinary.com/dnymlkh8e/image/upload/v1774948013/Cygnus_olor_v1ggoz.png,524538
Recurvirostra avosetta,Pied avocet,Migrating,https://res.cloudinary.com/dnymlkh8e/image/upload/v1774947991/Recurvirostra_avosetta_y6tutm.png,96890
Phylloscopus collybita,Common chiffchaff,Extinct,https://res.cloudinary.com/dnymlkh8e/image/upload/v1774948038/Phylloscopus_collybita_ynwroi.png,386182
Larus argentatus,European herring gull,Common,https://res.cloudinary.com/dnymlkh8e/image/upload/v1774948024/Larus_argentatus_iuxqso.png,352729
Buteo buteo,Common buzzard,Common,https://res.cloudinary.com/dnymlkh8e/image/upload/v1774948002/Buteo_buteo_rhcc0g.png,704021
Mareca penelope,Eurasian wigeon,Common,https://res.cloudinary.com/dnymlkh8e/image/upload/v1774948028/Mareca_penelope_ncclni.png,296676
Ardea cinerea,Unknown,Unknown,https://res.cloudinary.com/dnymlkh8e/image/upload/v1774947993/Ardea_cinerea_xrq7t4.png,495804
Fulica atra,Eurasian coot,Common,https://res.cloudinary.com/dnymlkh8e/image/upload/v1774948019/Fulica_atra_cowuw9.png,338959
Gavia stellata,Red-throated loon,Migrating,https://res.cloudinary.com/dnymlkh8e/image/upload/v1774948020/Gavia_stellata_fanhkh.png,104361
Pica pica,Unknown,Unknown,https://res.cloudinary.com/dnymlkh8e/image/upload/v1774948040/Pica_pica_e4qjwl.png,271460
Anas platyrhynchos,Mallard,Extinct,https://res.cloudinary.com/dnymlkh8e/image/upload/v1774947972/Anas_platyrhynchos_nzwedi.png,587719
Morus bassanus,Northern gannet,Migrating,https://res.cloudinary.com/dnymlkh8e/image/upload/v1774948030/Morus_bassanus_xzgta4.png,104638
Larus canus,Common gull,Common,https://res.cloudinary.com/dnymlkh8e/image/upload/v1774948025/Larus_canus_l9r5is.png,257730
Sylvia curruca,Lesser whitethroat,Migrating,https://res.cloudinary.com/dnymlkh8e/image/upload/v1774947995/Sylvia_curruca_p32par.png,125909
Calidris alpina,Dunlin,Common,https://res.cloudinary.com/dnymlkh8e/image/upload/v1774948002/Calidris_alpina_yt8odn.png,194010
Columba palumbus,Common wood pigeon,Common,https://res.cloudinary.com/dnymlkh8e/image/upload/v1774948010/Columba_palumbus_sguikp.png,549339
Melanitta nigra,Common scoter,Common,https://res.cloudinary.com/dnymlkh8e/image/upload/v1774948029/Melanitta_nigra_w6yusw.png,139687
Mareca strepera,Gadwall,Common,https://res.cloudinary.com/dnymlkh8e/image/upload/v1774948029/Mareca_strepera_ivzwcs.png,185461
Strix aluco,Tawny owl,Migrating,https://res.cloudinary.com/dnymlkh8e/image/upload/v1774948047/Strix_aluco_j1dys5.png,52980
Tyto alba,Western barn owl,Endangered,https://res.cloudinary.com/dnymlkh8e/image/upload/v1774948051/Tyto_alba_az9i2a.png,3929
Motacilla flava,Western yellow wagtail,Migrating,https://res.cloudinary.com/dnymlkh8e/image/upload/v1774948031/Motacilla_flava_tq6di6.png,97343
Falco tinnunculus,Common kestrel,Common,https://res.cloudinary.com/dnymlkh8e/image/upload/v1774947976/Falco_tinnunculus_hayuw1.png,407251
Apus apus,Common swift,Endangered,https://res.cloudinary.com/dnymlkh8e/image/upload/v1774947987/Apus_apus_qrmavt.png,134660
Emberiza schoeniclus,Common reed bunting,Common,https://res.cloudinary.com/dnymlkh8e/image/upload/v1774947975/Emberiza_schoeniclus_naeto3.png,216091
Certhia brachydactyla,Short-toed treecreeper,Common,https://res.cloudinary.com/dnymlkh8e/image/upload/v1774948005/Certhia_brachydactyla_gdk01q.png,43047
Poecile palustris,Marsh tit,Common,https://res.cloudinary.com/dnymlkh8e/image/upload/v1774948041/Poecile_palustris_awtiam.png,131425
Aegithalos caudatus,Long-tailed tit,Common,https://res.cloudinary.com/dnymlkh8e/image/upload/v1774948054/Aegithalos_caudatus_htmipu.png,77620
Coccothraustes coccothraustes,Hawfinch,Common,https://res.cloudinary.com/dnymlkh8e/image/upload/v1774948010/Coccothraustes_coccothraustes_qhf4az.png,88691
Tringa totanus,Common redshank,Common,https://res.cloudinary.com/dnymlkh8e/image/upload/v1774948050/Tringa_totanus_i6bk5w.png,197420
Numenius arquata,Eurasian curlew,Common,https://res.cloudinary.com/dnymlkh8e/image/upload/v1774948031/Numenius_arquata_dvjm1a.png,199074
Ardea alba,Great egret,Common,https://res.cloudinary.com/dnymlkh8e/image/upload/v1774947965/Ardea_alba_ir5dlg.png,133707
Calidris alba,Sanderling,Migrating,https://res.cloudinary.com/dnymlkh8e/image/upload/v1774947968/Calidris_alba_hwxcxg.png,53846
Sylvia communis,Common whitethroat,Migrating,https://res.cloudinary.com/dnymlkh8e/image/upload/v1774947995/Sylvia_communis_lm2fxf.png,178466
Accipiter nisus,Eurasian sparrowhawk,Common,https://res.cloudinary.com/dnymlkh8e/image/upload/v1774947962/Accipiter_nisus_btlri1.png,299108
Mergellus albellus,Smew,Common,https://res.cloudinary.com/dnymlkh8e/image/upload/v1774948030/Mergellus_albellus_wmrdmc.png,82627
Cyanistes caeruleus,Eurasian blue tit,Migrating,https://res.cloudinary.com/dnymlkh8e/image/upload/v1774948013/Cyanistes_caeruleus_woiqjr.png,352692
Phalacrocorax carbo,Great cormorant,Common,https://res.cloudinary.com/dnymlkh8e/image/upload/v1774947987/Phalacrocorax_carbo_v7gtk9.png,442260
Somateria mollissima,Common eider,Common,https://res.cloudinary.com/dnymlkh8e/image/upload/v1774948045/Somateria_mollissima_hryp16.png,232751
Falco columbarius,Merlin (bird),Migrating,https://res.cloudinary.com/dnymlkh8e/image/upload/v1774948017/Falco_columbarius_yc5hmw.png,64945
Motacilla alba,White wagtail,Migrating,https://res.cloudinary.com/dnymlkh8e/image/upload/v1774948030/Motacilla_alba_os45f0.png,334522
Pluvialis squatarola,Grey plover,Common,https://res.cloudinary.com/dnymlkh8e/image/upload/v1774947990/Pluvialis_squatarola_ox47le.png,67265
Anas crecca,Eurasian teal,Migrating,https://res.cloudinary.com/dnymlkh8e/image/upload/v1774947971/Anas_crecca_uq9rs2.png,306621
Branta canadensis,Canada goose,Exotic,https://res.cloudinary.com/dnymlkh8e/image/upload/v1774947999/Branta_canadensis_cmahmm.png,92001
Phalaropus lobatus,Red-necked phalarope,Migrating,https://res.cloudinary.com/dnymlkh8e/image/upload/v1774948036/Phalaropus_lobatus_ddkxxd.png,4394
Aythya ferina,Common pochard,Common,https://res.cloudinary.com/dnymlkh8e/image/upload/v1774947997/Aythya_ferina_qh6nmw.png,142638
Milvus milvus,Unknown,Unknown,https://res.cloudinary.com/dnymlkh8e/image/upload/v1774948030/Milvus_milvus_nca7em.png,253069
Sternula albifrons,Little tern,Common,https://res.cloudinary.com/dnymlkh8e/image/upload/v1774948046/Sternula_albifrons_gkbcsq.png,35800
Thalasseus sandvicensis,Sandwich tern,Common,https://res.cloudinary.com/dnymlkh8e/image/upload/v1774947996/Thalasseus_sandvicensis_vnhtaw.png,109845
Sterna hirundo,Common tern,Endangered,https://res.cloudinary.com/dnymlkh8e/image/upload/v1774948046/Sterna_hirundo_wrp4rf.png,100599
Aythya fuligula,Tufted duck,Migrating,https://res.cloudinary.com/dnymlkh8e/image/upload/v1774947966/Aythya_fuligula_p6rkei.png,316431
Hydrocoloeus minutus,Little gull,Common,https://res.cloudinary.com/dnymlkh8e/image/upload/v1774948022/Hydrocoloeus_minutus_gphmk5.png,45568
Uria aalge,Common murre,Migrating,https://res.cloudinary.com/dnymlkh8e/image/upload/v1774948052/Uria_aalge_pxrurk.png,33591
Alcedo atthis,Common kingfisher,Migrating,https://res.cloudinary.com/dnymlkh8e/image/upload/v1774947965/Alcedo_atthis_jitcij.png,79198
Calidris ferruginea,Curlew sandpiper,Endangered,https://res.cloudinary.com/dnymlkh8e/image/upload/v1774948003/Calidris_ferruginea_r14fdx.png,35286
Saxicola rubicola,European stonechat,Common,https://res.cloudinary.com/dnymlkh8e/image/upload/v1774948044/Saxicola_rubicola_rdwp7z.png,55335
Chroicocephalus ridibundus,Black-headed gull,Migrating,https://res.cloudinary.com/dnymlkh8e/image/upload/v1774947971/Chroicocephalus_ridibundus_wjhpno.png,381955
Pluvialis apricaria,European golden plover,Common,https://res.cloudinary.com/dnymlkh8e/image/upload/v1774947989/Pluvialis_apricaria_bhfwu4.png,147389
Circus cyaneus,Hen harrier,Migrating,https://res.cloudinary.com/dnymlkh8e/image/upload/v1774948009/Circus_cyaneus_d0drwf.png,173869
Dendrocopos major,Great spotted woodpecker,Common,https://res.cloudinary.com/dnymlkh8e/image/upload/v1774948014/Dendrocopos_major_za9ilh.png,289546
Parus major,Unknown,Unknown,https://res.cloudinary.com/dnymlkh8e/image/upload/v1774948034/Parus_major_m3q9lk.png,444794
Gallinago gallinago,Common snipe,Common,https://res.cloudinary.com/dnymlkh8e/image/upload/v1774948018/Gallinago_gallinago_u8p3jo.png,147524
Acanthis flammea,Redpoll,Common,https://res.cloudinary.com/dnymlkh8e/image/upload/v1774947962/Acanthis_flammea_acfccb.png,47172
Tachybaptus ruficollis,Little grebe,Common,https://res.cloudinary.com/dnymlkh8e/image/upload/v1774947995/Tachybaptus_ruficollis_lziepa.png,158751
Luscinia luscinia,Common nightingale,Common,https://res.cloudinary.com/dnymlkh8e/image/upload/v1774948027/Luscinia_luscinia_rpqiua.png,60988
Buteo lagopus,Rough-legged buzzard,Migrating,https://res.cloudinary.com/dnymlkh8e/image/upload/v1774947968/Buteo_lagopus_tjsfae.png,85210
Calidris pugnax,Ruff (bird),Migrating,https://res.cloudinary.com/dnymlkh8e/image/upload/v1774947969/Calidris_pugnax_vsgszr.png,97132
Spatula clypeata,Northern shoveler,Migrating,https://res.cloudinary.com/dnymlkh8e/image/upload/v1774948045/Spatula_clypeata_p7pmnj.png,162112
Tringa ochropus,Green sandpiper,Common,https://res.cloudinary.com/dnymlkh8e/image/upload/v1774948050/Tringa_ochropus_jfliya.png,76164
Cuculus canorus,Common cuckoo,Common,https://res.cloudinary.com/dnymlkh8e/image/upload/v1774947973/Cuculus_canorus_vylctm.png,127717
Fringilla montifringilla,Brambling,Migrating,https://res.cloudinary.com/dnymlkh8e/image/upload/v1774948018/Fringilla_montifringilla_miqapm.png,93020
Branta leucopsis,Barnacle goose,Common,https://res.cloudinary.com/dnymlkh8e/image/upload/v1774947967/Branta_leucopsis_ujzmaf.png,256864
Regulus ignicapilla,Common firecrest,Migrating,https://res.cloudinary.com/dnymlkh8e/image/upload/v1774947992/Regulus_ignicapilla_pqdlsa.png,16372
Prunella modularis,Dunnock,Exotic,https://res.cloudinary.com/dnymlkh8e/image/upload/v1774947991/Prunella_modularis_kysapw.png,163253
Fulmarus glacialis,Northern fulmar,Common,https://res.cloudinary.com/dnymlkh8e/image/upload/v1774948018/Fulmarus_glacialis_gro9d7.png,14932
Carduelis carduelis,European goldfinch,Exotic,https://res.cloudinary.com/dnymlkh8e/image/upload/v1774948005/Carduelis_carduelis_lqhi8p.png,200153
Fringilla coelebs,Eurasian chaffinch,Common,https://res.cloudinary.com/dnymlkh8e/image/upload/v1774947976/Fringilla_coelebs_rsg1rr.png,418333
Anas acuta,Northern pintail,Endangered,https://res.cloudinary.com/dnymlkh8e/image/upload/v1774947970/Anas_acuta_s34tog.png,101363
Regulus regulus,Goldcrest,Common,https://res.cloudinary.com/dnymlkh8e/image/upload/v1774947992/Regulus_regulus_bgv3ga.png,133200
Falco peregrinus,Peregrine falcon,Endangered,https://res.cloudinary.com/dnymlkh8e/image/upload/v1774948016/Falco_peregrinus_lpsjgq.png,115222
Calidris maritima,Purple sandpiper,Common,https://res.cloudinary.com/dnymlkh8e/image/upload/v1774948004/Calidris_maritima_pzuuid.png,16570
Anthus spinoletta,Water pipit,Common,https://res.cloudinary.com/dnymlkh8e/image/upload/v1774947963/Anthus_spinoletta_ipc4op.png,9474
Aythya marila,Greater scaup,Migrating,https://res.cloudinary.com/dnymlkh8e/image/upload/v1774947998/Aythya_marila_zelczj.png,35125
Corvus corax,Common raven,Common,https://res.cloudinary.com/dnymlkh8e/image/upload/v1774948011/Corvus_corax_zh2kol.png,247830
Turdus pilaris,Fieldfare,Migrating,https://res.cloudinary.com/dnymlkh8e/image/upload/v1774948051/Turdus_pilaris_srilgw.png,207773
Corvus frugilegus,Rook (bird),Common,https://res.cloudinary.com/dnymlkh8e/image/upload/v1774948011/Corvus_frugilegus_eiabb7.png,210578
Rallus aquaticus,Water rail,Endangered,https://res.cloudinary.com/dnymlkh8e/image/upload/v1774948043/Rallus_aquaticus_agxfys.png,95523
Erithacus rubecula,European robin,Migrating,https://res.cloudinary.com/dnymlkh8e/image/upload/v1774947975/Erithacus_rubecula_bgeoel.png,300008
Spatula querquedula,Garganey,Migrating,https://res.cloudinary.com/dnymlkh8e/image/upload/v1774948045/Spatula_querquedula_kh328j.png,39997
Actitis hypoleucos,Common sandpiper,Common,https://res.cloudinary.com/dnymlkh8e/image/upload/v1774948054/Actitis_hypoleucos_lbanpy.png,109180
Tringa nebularia,Common greenshank,Common,https://res.cloudinary.com/dnymlkh8e/image/upload/v1774947996/Tringa_nebularia_jjdsra.png,146468
Panurus biarmicus,Bearded reedling,Common,https://res.cloudinary.com/dnymlkh8e/image/upload/v1774948034/Panurus_biarmicus_woqwau.png,68714
Arenaria interpres,Ruddy turnstone,Migrating,https://res.cloudinary.com/dnymlkh8e/image/upload/v1774947996/Arenaria_interpres_lz6htn.png,44589
Passer montanus,Eurasian tree sparrow,Endangered,https://res.cloudinary.com/dnymlkh8e/image/upload/v1774948035/Passer_montanus_xrxtcg.png,173152
Anthus trivialis,Tree pipit,Common,https://res.cloudinary.com/dnymlkh8e/image/upload/v1774947965/Anthus_trivialis_shp6v0.png,77210
Crex crex,Unknown,Unknown,https://res.cloudinary.com/dnymlkh8e/image/upload/v1774948011/Crex_crex_hrj4z5.png,4819
Tringa glareola,Wood sandpiper,Common,https://res.cloudinary.com/dnymlkh8e/image/upload/v1774948049/Tringa_glareola_hwwx5e.png,78384
Rissa tridactyla,Black-legged kittiwake,Common,https://res.cloudinary.com/dnymlkh8e/image/upload/v1774948044/Rissa_tridactyla_xp6xfs.png,39710
Aquila chrysaetos,Golden eagle,Common,https://res.cloudinary.com/dnymlkh8e/image/upload/v1774947964/Aquila_chrysaetos_qx86br.png,16484
Emberiza citrinella,Yellowhammer,Exotic,https://res.cloudinary.com/dnymlkh8e/image/upload/v1774947975/Emberiza_citrinella_kagkxu.png,267544
Tringa erythropus,Spotted redshank,Migrating,https://res.cloudinary.com/dnymlkh8e/image/upload/v1774948049/Tringa_erythropus_ozzoof.png,56170
Podiceps grisegena,Red-necked grebe,Migrating,https://res.cloudinary.com/dnymlkh8e/image/upload/v1774948040/Podiceps_grisegena_lwirsg.png,120206
Melanitta fusca,Velvet scoter,Common,https://res.cloudinary.com/dnymlkh8e/image/upload/v1774947983/Melanitta_fusca_kbp93s.png,69127
Delichon urbicum,Western house martin,Endangered,https://res.cloudinary.com/dnymlkh8e/image/upload/v1774948013/Delichon_urbicum_zdapsq.png,142793
Linaria flavirostris,Twite,Migrating,https://res.cloudinary.com/dnymlkh8e/image/upload/v1774948026/Linaria_flavirostris_wcdivf.png,45007
Larus fuscus,Lesser black-backed gull,Migrating,https://res.cloudinary.com/dnymlkh8e/image/upload/v1774948024/Larus_fuscus_tem7ui.png,55408
Stercorarius skua,Great skua,Common,https://res.cloudinary.com/dnymlkh8e/image/upload/v1774948046/Stercorarius_skua_mfv031.png,11803
Cepphus grylle,Black guillemot,Common,https://res.cloudinary.com/dnymlkh8e/image/upload/v1774947969/Cepphus_grylle_v30d90.png,25637
Larus cachinnans,Caspian gull,Common,https://res.cloudinary.com/dnymlkh8e/image/upload/v1774948024/Larus_cachinnans_bgrioo.png,23740
Passer domesticus,House sparrow,Common,https://res.cloudinary.com/dnymlkh8e/image/upload/v1774948034/Passer_domesticus_ke88tx.png,111255
Lymnocryptes minimus,Jack snipe,Common,https://res.cloudinary.com/dnymlkh8e/image/upload/v1774947982/Lymnocryptes_minimus_mth2gs.png,8255
Lophophanes cristatus,Crested tit,Common,https://res.cloudinary.com/dnymlkh8e/image/upload/v1774948027/Lophophanes_cristatus_auitq1.png,39745
Gallinula chloropus,Common moorhen,Common,https://res.cloudinary.com/dnymlkh8e/image/upload/v1774948018/Gallinula_chloropus_ursmym.png,117841
Limosa limosa,Black-tailed godwit,Endangered,https://res.cloudinary.com/dnymlkh8e/image/upload/v1774948026/Limosa_limosa_gcdzgh.png,26366
Calidris canutus,Red knot,Common,https://res.cloudinary.com/dnymlkh8e/image/upload/v1774947968/Calidris_canutus_v1xm0r.png,63688
Hippolais icterina,Icterine warbler,Migrating,https://res.cloudinary.com/dnymlkh8e/image/upload/v1774947979/Hippolais_icterina_i3xv9q.png,56172
Riparia riparia,Sand martin,Migrating,https://res.cloudinary.com/dnymlkh8e/image/upload/v1774948043/Riparia_riparia_fv5cm5.png,86358
Gavia arctica,Black-throated loon,Migrating,https://res.cloudinary.com/dnymlkh8e/image/upload/v1774948019/Gavia_arctica_mjjxtd.png,33629
Perdix perdix,Grey partridge,Common,https://res.cloudinary.com/dnymlkh8e/image/upload/v1774947987/Perdix_perdix_lkmpsp.png,45790
Falco subbuteo,Eurasian hobby,Common,https://res.cloudinary.com/dnymlkh8e/image/upload/v1774948017/Falco_subbuteo_unk4p3.png,43798
Cygnus columbianus,Tundra swan,Common,https://res.cloudinary.com/dnymlkh8e/image/upload/v1774948012/Cygnus_columbianus_g0cqyv.png,28872
Lullula arborea,Woodlark,Migrating,https://res.cloudinary.com/dnymlkh8e/image/upload/v1774948027/Lullula_arborea_vx13jn.png,35064
Phylloscopus inornatus,Yellow-browed warbler,Migrating,https://res.cloudinary.com/dnymlkh8e/image/upload/v1774948038/Phylloscopus_inornatus_klkozn.png,5793
Anser brachyrhynchus,Pink-footed goose,Migrating,https://res.cloudinary.com/dnymlkh8e/image/upload/v1774947976/Anser_brachyrhynchus_cenx4m.png,52868
Aythya nyroca,Ferruginous duck,Common,https://res.cloudinary.com/dnymlkh8e/image/upload/v1774947999/Aythya_nyroca_mpqmjd.png,2278
Stercorarius parasiticus,Parasitic jaeger,Migrating,https://res.cloudinary.com/dnymlkh8e/image/upload/v1774948046/Stercorarius_parasiticus_zi3ebe.png,35900
Hydroprogne caspia,Caspian tern,Common,https://res.cloudinary.com/dnymlkh8e/image/upload/v1774947979/Hydroprogne_caspia_sazs2w.png,32005
Podiceps cristatus,Great crested grebe,Common,https://res.cloudinary.com/dnymlkh8e/image/upload/v1774947990/Podiceps_cristatus_q1mtn3.png,245713
Scolopax rusticola,Eurasian woodcock,Endangered,https://res.cloudinary.com/dnymlkh8e/image/upload/v1774948045/Scolopax_rusticola_ctz7gi.png,32273
Turdus viscivorus,Mistle thrush,Common,https://res.cloudinary.com/dnymlkh8e/image/upload/v1774947997/Turdus_viscivorus_vzl99e.png,83366
Ichthyaetus melanocephalus,Mediterranean gull,Common,https://res.cloudinary.com/dnymlkh8e/image/upload/v1774948022/Ichthyaetus_melanocephalus_yupe40.png,15939
Phylloscopus trochilus,Willow warbler,Migrating,https://res.cloudinary.com/dnymlkh8e/image/upload/v1774948039/Phylloscopus_trochilus_dnhg1j.png,173460
Sterna paradisaea,Arctic tern,Migrating,https://res.cloudinary.com/dnymlkh8e/image/upload/v1774947994/Sterna_paradisaea_bab9dw.png,51397
Calidris temminckii,Temminck's stint,Migrating,https://res.cloudinary.com/dnymlkh8e/image/upload/v1774948004/Calidris_temminckii_zqfe8q.png,20640
Locustella naevia,Common grasshopper warbler,Migrating,https://res.cloudinary.com/dnymlkh8e/image/upload/v1774948026/Locustella_naevia_xxfp0a.png,23494
Botaurus stellaris,Eurasian bittern,Endangered,https://res.cloudinary.com/dnymlkh8e/image/upload/v1774947999/Botaurus_stellaris_v4k7iy.png,49313
Sitta europaea,Eurasian nuthatch,Common,https://res.cloudinary.com/dnymlkh8e/image/upload/v1774947993/Sitta_europaea_oe2kjv.png,175328
Muscicapa striata,Spotted flycatcher,Migrating,https://res.cloudinary.com/dnymlkh8e/image/upload/v1774948031/Muscicapa_striata_v49nfl.png,37601
Oenanthe oenanthe,Northern wheatear,Migrating,https://res.cloudinary.com/dnymlkh8e/image/upload/v1774948033/Oenanthe_oenanthe_z6powh.png,81035
Anser rossii,Ross's goose,Migrating,https://res.cloudinary.com/dnymlkh8e/image/upload/v1774947982/Anser_rossii_tbeqyj.png,300
Charadrius alexandrinus,Kentish plover,Migrating,https://res.cloudinary.com/dnymlkh8e/image/upload/v1774948006/Charadrius_alexandrinus_olzpzg.png,6019
Cinclus cinclus,White-throated dipper,Common,https://res.cloudinary.com/dnymlkh8e/image/upload/v1774948008/Cinclus_cinclus_hpi6wr.png,29544
Motacilla cinerea,Grey wagtail,Common,https://res.cloudinary.com/dnymlkh8e/image/upload/v1774948031/Motacilla_cinerea_ur82zb.png,61369
Asio flammeus,Short-eared owl,Common,https://res.cloudinary.com/dnymlkh8e/image/upload/v1774947965/Asio_flammeus_tsk64q.png,21410
Chlidonias niger,Black tern,Common,https://res.cloudinary.com/dnymlkh8e/image/upload/v1774947970/Chlidonias_niger_dpdkgd.png,19820
Picus viridis,European green woodpecker,Common,https://res.cloudinary.com/dnymlkh8e/image/upload/v1774948039/Picus_viridis_xmzkte.png,45802
Columba oenas,Stock dove,Migrating,https://res.cloudinary.com/dnymlkh8e/image/upload/v1774947972/Columba_oenas_dvroru.png,86658
Himantopus himantopus,Black-winged stilt,Common,https://res.cloudinary.com/dnymlkh8e/image/upload/v1774948021/Himantopus_himantopus_pyyduk.png,4512
Acrocephalus scirpaceus,Common reed warbler,Migrating,https://res.cloudinary.com/dnymlkh8e/image/upload/v1774948054/Acrocephalus_scirpaceus_jpyey4.png,98984
Luscinia svecica,Bluethroat,Migrating,https://res.cloudinary.com/dnymlkh8e/image/upload/v1774948028/Luscinia_svecica_qzfixl.png,9373
Plectrophenax nivalis,Snow bunting,Common,https://res.cloudinary.com/dnymlkh8e/image/upload/v1774947989/Plectrophenax_nivalis_reyygz.png,33675
Alca torda,Razorbill,Extinct,https://res.cloudinary.com/dnymlkh8e/image/upload/v1774947964/Alca_torda_swxvi2.png,44691
Anthus petrosus,European rock pipit,Migrating,https://res.cloudinary.com/dnymlkh8e/image/upload/v1774947985/Anthus_petrosus_xhisnm.png,52045
Alle alle,Unknown,Unknown,https://res.cloudinary.com/dnymlkh8e/image/upload/v1774947969/Alle_alle_afqgha.png,6472
Certhia familiaris,Eurasian treecreeper,Endangered,https://res.cloudinary.com/dnymlkh8e/image/upload/v1774948006/Certhia_familiaris_vrwfmj.png,69164
Clangula hyemalis,Long-tailed duck,Common,https://res.cloudinary.com/dnymlkh8e/image/upload/v1774948009/Clangula_hyemalis_unfna9.png,42411
Apus pallidus,Pallid swift,Common,https://res.cloudinary.com/dnymlkh8e/image/upload/v1774947989/Apus_pallidus_irmpnt.png,474
Pandion haliaetus,Osprey,Common,https://res.cloudinary.com/dnymlkh8e/image/upload/v1774948034/Pandion_haliaetus_cacqhx.png,101772
Turdus iliacus,Redwing,Common,https://res.cloudinary.com/dnymlkh8e/image/upload/v1774947997/Turdus_iliacus_jnz3xb.png,97353
Asio otus,Unknown,Unknown,https://res.cloudinary.com/dnymlkh8e/image/upload/v1774947997/Asio_otus_sndbxb.png,18352
Anser fabalis,Taiga bean goose,Migrating,https://res.cloudinary.com/dnymlkh8e/image/upload/v1774947981/Anser_fabalis_d3mw1b.png,11742
Coturnix coturnix,Common quail,Migrating,https://res.cloudinary.com/dnymlkh8e/image/upload/v1774948011/Coturnix_coturnix_ocx5gw.png,17321
Phylloscopus sibillatrix,Wood warbler,Migrating,https://res.cloudinary.com/dnymlkh8e/image/upload/v1774948039/Phylloscopus_sibillatrix_xivllg.png,23546
Calidris minuta,Little stint,Common,https://res.cloudinary.com/dnymlkh8e/image/upload/v1774948004/Calidris_minuta_avuro3.png,25170
Limosa lapponica,Bar-tailed godwit,Migrating,https://res.cloudinary.com/dnymlkh8e/image/upload/v1774947981/Limosa_lapponica_f0kqa6.png,76525
Streptopelia orientalis,Oriental turtle dove,Common,https://res.cloudinary.com/dnymlkh8e/image/upload/v1774947994/Streptopelia_orientalis_ab5w1d.png,116
Egretta garzetta,Little egret,Extinct,https://res.cloudinary.com/dnymlkh8e/image/upload/v1774947973/Egretta_garzetta_psths2.png,6234
Cygnus atratus,Black swan,Exotic,https://res.cloudinary.com/dnymlkh8e/image/upload/v1774948012/Cygnus_atratus_c0xlq3.png,2890
Carpodacus erythrinus,Common rosefinch,Common,https://res.cloudinary.com/dnymlkh8e/image/upload/v1774948005/Carpodacus_erythrinus_bpzyyt.png,12000
Lanius excubitor,Great grey shrike,Common,https://res.cloudinary.com/dnymlkh8e/image/upload/v1774948023/Lanius_excubitor_cudtvr.png,45771
Milvus migrans,Black kite,Migrating,https://res.cloudinary.com/dnymlkh8e/image/upload/v1774948030/Milvus_migrans_jb9eer.png,18844
Caprimulgus europaeus,European nightjar,Migrating,https://res.cloudinary.com/dnymlkh8e/image/upload/v1774947969/Caprimulgus_europaeus_mljrty.png,9936
Netta rufina,Red-crested pochard,Migrating,https://res.cloudinary.com/dnymlkh8e/image/upload/v1774947984/Netta_rufina_r6pl6h.png,8524
Ciconia ciconia,White stork,Common,https://res.cloudinary.com/dnymlkh8e/image/upload/v1774948008/Ciconia_ciconia_yvd3fe.png,19258
Saxicola rubetra,Whinchat,Migrating,https://res.cloudinary.com/dnymlkh8e/image/upload/v1774948044/Saxicola_rubetra_fdgcpn.png,50592
Dryobates minor,Lesser spotted woodpecker,Common,https://res.cloudinary.com/dnymlkh8e/image/upload/v1774947973/Dryobates_minor_chwqtc.png,10440
Bombycilla garrulus,Bohemian waxwing,Common,https://res.cloudinary.com/dnymlkh8e/image/upload/v1774947999/Bombycilla_garrulus_mniip0.png,58643
Calidris melanotos,Pectoral sandpiper,Migrating,https://res.cloudinary.com/dnymlkh8e/image/upload/v1774948004/Calidris_melanotos_npx7ol.png,1365
Branta bernicla,Brant (goose),Common,https://res.cloudinary.com/dnymlkh8e/image/upload/v1774947966/Branta_bernicla_qnrlck.png,21816
Podiceps nigricollis,Black-necked grebe,Migrating,https://res.cloudinary.com/dnymlkh8e/image/upload/v1774948041/Podiceps_nigricollis_anlxwo.png,25528
Aythya collaris,Ring-necked duck,Common,https://res.cloudinary.com/dnymlkh8e/image/upload/v1774947965/Aythya_collaris_uwxaeg.png,3095
Gavia immer,Common loon,Endangered,https://res.cloudinary.com/dnymlkh8e/image/upload/v1774948019/Gavia_immer_dnmcsf.png,7100
Turdus torquatus,Ring ouzel,Migrating,https://res.cloudinary.com/dnymlkh8e/image/upload/v1774948051/Turdus_torquatus_ttf2hq.png,25185
Loxia pytyopsittacus,Parrot crossbill,Common,https://res.cloudinary.com/dnymlkh8e/image/upload/v1774948027/Loxia_pytyopsittacus_oqizyn.png,8131
Eremophila alpestris,Horned lark,Common,https://res.cloudinary.com/dnymlkh8e/image/upload/v1774947974/Eremophila_alpestris_n8xcmn.png,16127
Acrocephalus dumetorum,Blyth's reed warbler,Common,https://res.cloudinary.com/dnymlkh8e/image/upload/v1774947962/Acrocephalus_dumetorum_wsruiy.png,1901
Dryocopus martius,Black woodpecker,Migrating,https://res.cloudinary.com/dnymlkh8e/image/upload/v1774947974/Dryocopus_martius_vdzrn7.png,32981
Oenanthe hispanica,Western black-eared wheatear,Migrating,https://res.cloudinary.com/dnymlkh8e/image/upload/v1774948032/Oenanthe_hispanica_wv5rii.png,391
Melanitta americana,Black scoter,Endangered,https://res.cloudinary.com/dnymlkh8e/image/upload/v1774948028/Melanitta_americana_mshuyk.png,2549
Phoenicurus ochruros,Black redstart,Common,https://res.cloudinary.com/dnymlkh8e/image/upload/v1774947988/Phoenicurus_ochruros_vnaqih.png,44665
Jynx torquilla,Eurasian wryneck,Migrating,https://res.cloudinary.com/dnymlkh8e/image/upload/v1774948023/Jynx_torquilla_gyrvuf.png,9104
Locustella fluviatilis,River warbler,Migrating,https://res.cloudinary.com/dnymlkh8e/image/upload/v1774948026/Locustella_fluviatilis_jh4fdr.png,1726
Oriolus oriolus,Eurasian golden oriole,Common,https://res.cloudinary.com/dnymlkh8e/image/upload/v1774947986/Oriolus_oriolus_lqkv30.png,4448
Glareola maldivarum,Oriental pratincole,Common,https://res.cloudinary.com/dnymlkh8e/image/upload/v1774947977/Glareola_maldivarum_a1w1yp.png,153
Anser serrirostris,Tundra bean goose,Migrating,https://res.cloudinary.com/dnymlkh8e/image/upload/v1774947982/Anser_serrirostris_cfpire.png,9406
Porzana pusilla,Baillon's crake,Common,https://res.cloudinary.com/dnymlkh8e/image/upload/v1774948042/Porzana_pusilla_eo7hed.png,601
Ficedula parva,Red-breasted flycatcher,Migrating,https://res.cloudinary.com/dnymlkh8e/image/upload/v1774948017/Ficedula_parva_mkcmjz.png,4920
Aquila nipalensis,Steppe eagle,Endangered,https://res.cloudinary.com/dnymlkh8e/image/upload/v1774947990/Aquila_nipalensis_mkvsej.png,1957
Remiz pendulinus,Eurasian penduline tit,Migrating,https://res.cloudinary.com/dnymlkh8e/image/upload/v1774948043/Remiz_pendulinus_hp4y3v.png,2767
Pastor roseus,Rosy starling,Common,https://res.cloudinary.com/dnymlkh8e/image/upload/v1774948035/Pastor_roseus_zclqw1.png,963
Somateria spectabilis,King eider,Common,https://res.cloudinary.com/dnymlkh8e/image/upload/v1774948045/Somateria_spectabilis_qrj5u0.png,2033
Nucifraga caryocatactes,Northern nutcracker,Common,https://res.cloudinary.com/dnymlkh8e/image/upload/v1774947985/Nucifraga_caryocatactes_nj6nfr.png,2627
Phylloscopus proregulus,Pallas's leaf warbler,Migrating,https://res.cloudinary.com/dnymlkh8e/image/upload/v1774948038/Phylloscopus_proregulus_wwu2vx.png,1221
Circus pygargus,Montagu's harrier,Migrating,https://res.cloudinary.com/dnymlkh8e/image/upload/v1774948009/Circus_pygargus_xn5ire.png,19325
Stercorarius longicaudus,Long-tailed jaeger,Common,https://res.cloudinary.com/dnymlkh8e/image/upload/v1774947993/Stercorarius_longicaudus_uf0r6l.png,1805
Larus michahellis,Yellow-legged gull,Common,https://res.cloudinary.com/dnymlkh8e/image/upload/v1774948025/Larus_michahellis_numibb.png,1872
Podiceps auritus,Horned grebe,Endangered,https://res.cloudinary.com/dnymlkh8e/image/upload/v1774948040/Podiceps_auritus_awzivb.png,10438
Phylloscopus humei,Hume's leaf warbler,Migrating,https://res.cloudinary.com/dnymlkh8e/image/upload/v1774948038/Phylloscopus_humei_pxfbgy.png,821
Alopochen aegyptiaca,Egyptian goose,Exotic,https://res.cloudinary.com/dnymlkh8e/image/upload/v1774947970/Alopochen_aegyptiaca_vvkkcr.png,15989
Charadrius morinellus,Eurasian dotterel,Migrating,https://res.cloudinary.com/dnymlkh8e/image/upload/v1774948006/Charadrius_morinellus_ihu9bo.png,6625
Oxyura leucocephala,White-headed duck,Endangered,https://res.cloudinary.com/dnymlkh8e/image/upload/v1774947986/Oxyura_leucocephala_ilrwkj.png,612
Aix galericulata,Mandarin duck,Exotic,https://res.cloudinary.com/dnymlkh8e/image/upload/v1774948055/Aix_galericulata_x9rple.png,2991
Anthus cervinus,Red-throated pipit,Common,https://res.cloudinary.com/dnymlkh8e/image/upload/v1774947984/Anthus_cervinus_ywzu4d.png,1202
Ciconia nigra,Black stork,Endangered,https://res.cloudinary.com/dnymlkh8e/image/upload/v1774948008/Ciconia_nigra_ppbqjz.png,1915
Acrocephalus arundinaceus,Great reed warbler,Migrating,https://res.cloudinary.com/dnymlkh8e/image/upload/v1774947962/Acrocephalus_arundinaceus_pwzrxk.png,5360
Poecile montanus,Willow tit,Common,https://res.cloudinary.com/dnymlkh8e/image/upload/v1774948041/Poecile_montanus_dxdchx.png,6340
Falco rusticolus,Gyrfalcon,Common,https://res.cloudinary.com/dnymlkh8e/image/upload/v1774947975/Falco_rusticolus_eusaum.png,1610
Anthus richardi,Richard's pipit,Common,https://res.cloudinary.com/dnymlkh8e/image/upload/v1774947986/Anthus_richardi_wa9fud.png,1103
Corvus corone,Carrion crow,Common,https://res.cloudinary.com/dnymlkh8e/image/upload/v1774948011/Corvus_corone_ys3zee.png,15727
Larus hyperboreus,Glaucous gull,Common,https://res.cloudinary.com/dnymlkh8e/image/upload/v1774947980/Larus_hyperboreus_ah2xbz.png,3818
Gavia adamsii,Yellow-billed loon,Common,https://res.cloudinary.com/dnymlkh8e/image/upload/v1774948019/Gavia_adamsii_cf2qv0.png,1075
Falco vespertinus,Red-footed falcon,Migrating,https://res.cloudinary.com/dnymlkh8e/image/upload/v1774947976/Falco_vespertinus_mvollw.png,5856
Pluvialis dominica,American golden plover,Common,https://res.cloudinary.com/dnymlkh8e/image/upload/v1774947990/Pluvialis_dominica_i0luhv.png,488
Anser caerulescens,Snow goose,Common,https://res.cloudinary.com/dnymlkh8e/image/upload/v1774947978/Anser_caerulescens_aiyvyj.png,2037
Phalaropus tricolor,Wilson's phalarope,Migrating,https://res.cloudinary.com/dnymlkh8e/image/upload/v1774948037/Phalaropus_tricolor_rfldm9.png,208
Bubo bubo,Eurasian eagle-owl,Common,https://res.cloudinary.com/dnymlkh8e/image/upload/v1774948000/Bubo_bubo_g51nxe.png,3409
Plegadis falcinellus,Glossy ibis,Common,https://res.cloudinary.com/dnymlkh8e/image/upload/v1774947989/Plegadis_falcinellus_ticilp.png,1892
Dendrocoptes medius,Middle spotted woodpecker,Common,https://res.cloudinary.com/dnymlkh8e/image/upload/v1774948014/Dendrocoptes_medius_f5wvcp.png,1528
Calcarius lapponicus,Lapland longspur,Common,https://res.cloudinary.com/dnymlkh8e/image/upload/v1774948002/Calcarius_lapponicus_ibjxvg.png,6553
Circus macrourus,Pallid harrier,Common,https://res.cloudinary.com/dnymlkh8e/image/upload/v1774948009/Circus_macrourus_j7rhpd.png,7881
Sylvia nisoria,Barred warbler,Migrating,https://res.cloudinary.com/dnymlkh8e/image/upload/v1774948048/Sylvia_nisoria_nei8hv.png,1158
Gyps fulvus,Eurasian griffon vulture,Common,https://res.cloudinary.com/dnymlkh8e/image/upload/v1774948021/Gyps_fulvus_vjyzsa.png,1129
Falco naumanni,Lesser kestrel,Common,https://res.cloudinary.com/dnymlkh8e/image/upload/v1774948016/Falco_naumanni_j2yykq.png,85
Calidris subruficollis,Buff-breasted sandpiper,Common,https://res.cloudinary.com/dnymlkh8e/image/upload/v1774948004/Calidris_subruficollis_todrer.png,628
Merops apiaster,European bee-eater,Migrating,https://res.cloudinary.com/dnymlkh8e/image/upload/v1774947983/Merops_apiaster_jlxm4q.png,1663
Tringa melanoleuca,Greater yellowlegs,Common,https://res.cloudinary.com/dnymlkh8e/image/upload/v1774948050/Tringa_melanoleuca_rfa48g.png,120
Falco sparverius,American kestrel,Common,https://res.cloudinary.com/dnymlkh8e/image/upload/v1774948016/Falco_sparverius_exibjo.png,160
Melanitta perspicillata,Surf scoter,Common,https://res.cloudinary.com/dnymlkh8e/image/upload/v1774948029/Melanitta_perspicillata_lwbcnh.png,2235
Phalaropus fulicarius,Red phalarope,Migrating,https://res.cloudinary.com/dnymlkh8e/image/upload/v1774948036/Phalaropus_fulicarius_ojxn7y.png,2314
Microcarbo pygmaeus,Pygmy cormorant,Migrating,https://res.cloudinary.com/dnymlkh8e/image/upload/v1774947983/Microcarbo_pygmaeus_scdxl5.png,653
Aegolius funereus,Boreal owl,Common,https://res.cloudinary.com/dnymlkh8e/image/upload/v1774948054/Aegolius_funereus_jdm5l5.png,663
Oxyura jamaicensis,Ruddy duck,Exotic,https://res.cloudinary.com/dnymlkh8e/image/upload/v1774948033/Oxyura_jamaicensis_jekd2c.png,1463
Tadorna ferruginea,Ruddy shelduck,Migrating,https://res.cloudinary.com/dnymlkh8e/image/upload/v1774947995/Tadorna_ferruginea_qemgwk.png,1856
Calidris falcinellus,Broad-billed sandpiper,Common,https://res.cloudinary.com/dnymlkh8e/image/upload/v1774948002/Calidris_falcinellus_icf1kl.png,6099
Serinus serinus,European serin,Common,https://res.cloudinary.com/dnymlkh8e/image/upload/v1774948044/Serinus_serinus_ikhsd2.png,4763
Saxicola maurus,Siberian stonechat,Common,https://res.cloudinary.com/dnymlkh8e/image/upload/v1774948044/Saxicola_maurus_sdcbxr.png,295
Calidris bairdii,Baird's sandpiper,Common,https://res.cloudinary.com/dnymlkh8e/image/upload/v1774948002/Calidris_bairdii_dbvepc.png,412
Pinicola enucleator,Pine grosbeak,Common,https://res.cloudinary.com/dnymlkh8e/image/upload/v1774948039/Pinicola_enucleator_jazsrw.png,1122
Oceanodroma leucorhoa,Leach's storm petrel,Common,https://res.cloudinary.com/dnymlkh8e/image/upload/v1774948032/Oceanodroma_leucorhoa_xbkg4k.png,1376
Curruca subalpina,Moltoni's warbler,Common,https://res.cloudinary.com/dnymlkh8e/image/upload/v1774948012/Curruca_subalpina_wtic40.png,31
Cairina moschata,Muscovy duck,Common,https://res.cloudinary.com/dnymlkh8e/image/upload/v1774948001/Cairina_moschata_czvdxp.png,2247
Curruca cantillans,Eastern subalpine warbler,Common,https://res.cloudinary.com/dnymlkh8e/image/upload/v1774948011/Curruca_cantillans_pvssbo.png,149
Anser indicus,Bar-headed goose,Common,https://res.cloudinary.com/dnymlkh8e/image/upload/v1774947981/Anser_indicus_pahzok.png,3145
Locustella luscinioides,Savi's warbler,Migrating,https://res.cloudinary.com/dnymlkh8e/image/upload/v1774948026/Locustella_luscinioides_jxsojk.png,3324
Aquila pomarina,Lesser spotted eagle,Common,https://res.cloudinary.com/dnymlkh8e/image/upload/v1774947992/Aquila_pomarina_g1fy1x.png,1661
Phylloscopus fuscatus,Dusky warbler,Migrating,https://res.cloudinary.com/dnymlkh8e/image/upload/v1774947988/Phylloscopus_fuscatus_omkfag.png,768
Aquila fasciata,Bonelli's eagle,Extinct,https://res.cloudinary.com/dnymlkh8e/image/upload/v1774947990/Aquila_fasciata_v90exx.png,364
Bubulcus ibis,Western cattle egret,Migrating,https://res.cloudinary.com/dnymlkh8e/image/upload/v1774948000/Bubulcus_ibis_xcivzz.png,1914
Burhinus oedicnemus,Eurasian stone-curlew,Common,https://res.cloudinary.com/dnymlkh8e/image/upload/v1774947967/Burhinus_oedicnemus_kkzqz5.png,627
Falco cherrug,Saker falcon,Migrating,https://res.cloudinary.com/dnymlkh8e/image/upload/v1774948016/Falco_cherrug_p3bhkz.png,305
Glareola pratincola,Collared pratincole,Common,https://res.cloudinary.com/dnymlkh8e/image/upload/v1774947977/Glareola_pratincola_bxm7uy.png,479
Chlidonias leucopterus,White-winged tern,Common,https://res.cloudinary.com/dnymlkh8e/image/upload/v1774948007/Chlidonias_leucopterus_byv4gp.png,2250
Puffinus griseus,Sooty shearwater,Common,https://res.cloudinary.com/dnymlkh8e/image/upload/v1774948043/Puffinus_griseus_w3xtoa.png,4333
Fratercula arctica,Atlantic puffin,Endangered,https://res.cloudinary.com/dnymlkh8e/image/upload/v1774947976/Fratercula_arctica_s7zaoz.png,962
Bucephala albeola,Bufflehead,Migrating,https://res.cloudinary.com/dnymlkh8e/image/upload/v1774948001/Bucephala_albeola_rsm39w.png,137
Larus glaucoides,Iceland gull,Common,https://res.cloudinary.com/dnymlkh8e/image/upload/v1774948025/Larus_glaucoides_ubdmgf.png,2135
Branta ruficollis,Red-breasted goose,Endangered,https://res.cloudinary.com/dnymlkh8e/image/upload/v1774948000/Branta_ruficollis_zxm6uy.png,3386
Chlidonias hybrida,Whiskered tern,Common,https://res.cloudinary.com/dnymlkh8e/image/upload/v1774948007/Chlidonias_hybrida_sikyk5.png,753
Surnia ulula,Northern hawk-owl,Migrating,https://res.cloudinary.com/dnymlkh8e/image/upload/v1774948048/Surnia_ulula_be2p1s.png,3583
Mareca americana,American wigeon,Common,https://res.cloudinary.com/dnymlkh8e/image/upload/v1774947982/Mareca_americana_pwf7nj.png,983
Elanus caeruleus,Black-winged kite,Migrating,https://res.cloudinary.com/dnymlkh8e/image/upload/v1774948013/Elanus_caeruleus_d6uqdr.png,1702
Puffinus puffinus,Unknown,Unknown,https://res.cloudinary.com/dnymlkh8e/image/upload/v1774947991/Puffinus_puffinus_imaply.png,1063
Galerida cristata,Crested lark,Migrating,https://res.cloudinary.com/dnymlkh8e/image/upload/v1774948018/Galerida_cristata_yz6fne.png,2758
Zonotrichia albicollis,White-throated sparrow,Common,https://res.cloudinary.com/dnymlkh8e/image/upload/v1774947998/Zonotrichia_albicollis_igpczm.png,387
Upupa epops,Eurasian hoopoe,Migrating,https://res.cloudinary.com/dnymlkh8e/image/upload/v1774948052/Upupa_epops_w1apcc.png,2029
Gavia pacifica,Pacific loon,Common,https://res.cloudinary.com/dnymlkh8e/image/upload/v1774948019/Gavia_pacifica_ltv2hj.png,737
Setophaga aestiva,Yellow warbler,Common,https://res.cloudinary.com/dnymlkh8e/image/upload/v1774948044/Setophaga_aestiva_vc50yv.png,265
Lophodytes cucullatus,Hooded merganser,Common,https://res.cloudinary.com/dnymlkh8e/image/upload/v1774948027/Lophodytes_cucullatus_ddbtu8.png,891
Melanitta stejnegeri,Stejneger's scoter,Common,https://res.cloudinary.com/dnymlkh8e/image/upload/v1774948029/Melanitta_stejnegeri_yh3tvx.png,890
Phalacrocorax aristotelis,European shag,Common,https://res.cloudinary.com/dnymlkh8e/image/upload/v1774948036/Phalacrocorax_aristotelis_n2k57d.png,2346
Melopsittacus undulatus,Budgerigar,Common,https://res.cloudinary.com/dnymlkh8e/image/upload/v1774948029/Melopsittacus_undulatus_xdlrmh.png,239
Stercorarius pomarinus,Pomarine jaeger,Common,https://res.cloudinary.com/dnymlkh8e/image/upload/v1774948046/Stercorarius_pomarinus_gjhkw7.png,2295
Xema sabini,Sabine's gull,Common,https://res.cloudinary.com/dnymlkh8e/image/upload/v1774947998/Xema_sabini_hdkeej.png,815
Turdus atrogularis,Black-throated thrush,Migrating,https://res.cloudinary.com/dnymlkh8e/image/upload/v1774947996/Turdus_atrogularis_vlfdyd.png,1396
Hieraaetus pennatus,Booted eagle,Migrating,https://res.cloudinary.com/dnymlkh8e/image/upload/v1774947978/Hieraaetus_pennatus_sov3w6.png,399
Passerina cyanea,Indigo bunting,Migrating,https://res.cloudinary.com/dnymlkh8e/image/upload/v1774948034/Passerina_cyanea_ta08zr.png,295
Grus canadensis,Sandhill crane,Common,https://res.cloudinary.com/dnymlkh8e/image/upload/v1774947977/Grus_canadensis_frzbvp.png,900
Phylloscopus schwarzi,Radde's warbler,Migrating,https://res.cloudinary.com/dnymlkh8e/image/upload/v1774947988/Phylloscopus_schwarzi_mtdrw4.png,274
Prunella montanella,Siberian accentor,Migrating,https://res.cloudinary.com/dnymlkh8e/image/upload/v1774948042/Prunella_montanella_qwdr8l.png,576
Luscinia megarhynchos,Common nightingale,Common,https://res.cloudinary.com/dnymlkh8e/image/upload/v1774948028/Luscinia_megarhynchos_cjwsr6.png,1365
Emberiza hortulana,Ortolan bunting,Common,https://res.cloudinary.com/dnymlkh8e/image/upload/v1774948015/Emberiza_hortulana_hbyvp5.png,724
Cisticola juncidis,Zitting cisticola,Common,https://res.cloudinary.com/dnymlkh8e/image/upload/v1774947971/Cisticola_juncidis_njnnoe.png,156
Lanius senator,Woodchat shrike,Common,https://res.cloudinary.com/dnymlkh8e/image/upload/v1774947980/Lanius_senator_pdufnd.png,732
Motacilla tschutschensis,Eastern yellow wagtail,Migrating,https://res.cloudinary.com/dnymlkh8e/image/upload/v1774948031/Motacilla_tschutschensis_dsnn5t.png,51
Athene noctua,Little owl,Exotic,https://res.cloudinary.com/dnymlkh8e/image/upload/v1774947965/Athene_noctua_bw22kr.png,1420
Emberiza pusilla,Little bunting,Common,https://res.cloudinary.com/dnymlkh8e/image/upload/v1774948015/Emberiza_pusilla_u5qmrp.png,1014
Aythya affinis,Lesser scaup,Migrating,https://res.cloudinary.com/dnymlkh8e/image/upload/v1774947996/Aythya_affinis_yfqd0l.png,772
Nycticorax nycticorax,Black-crowned night heron,Common,https://res.cloudinary.com/dnymlkh8e/image/upload/v1774948032/Nycticorax_nycticorax_h241ug.png,834
Phylloscopus bonelli,Western Bonelli's warbler,Migrating,https://res.cloudinary.com/dnymlkh8e/image/upload/v1774948037/Phylloscopus_bonelli_oqmucp.png,585
Gypaetus barbatus,Bearded vulture,Endangered,https://res.cloudinary.com/dnymlkh8e/image/upload/v1774948020/Gypaetus_barbatus_k3sqto.png,108
Anser erythropus,Lesser white-fronted goose,Common,https://res.cloudinary.com/dnymlkh8e/image/upload/v1774947979/Anser_erythropus_wdazkx.png,946
Aquila clanga,Greater spotted eagle,Endangered,https://res.cloudinary.com/dnymlkh8e/image/upload/v1774947989/Aquila_clanga_ajn5qi.png,1269
Psittacula krameri,Rose-ringed parakeet,Exotic,https://res.cloudinary.com/dnymlkh8e/image/upload/v1774948042/Psittacula_krameri_mtclt6.png,51
Sula leucogaster,Brown booby,Common,https://res.cloudinary.com/dnymlkh8e/image/upload/v1774947994/Sula_leucogaster_fl0cwy.png,128
Geronticus eremita,Northern bald ibis,Extinct,https://res.cloudinary.com/dnymlkh8e/image/upload/v1774947977/Geronticus_eremita_deeodt.png,402
Tringa flavipes,Lesser yellowlegs,Common,https://res.cloudinary.com/dnymlkh8e/image/upload/v1774948049/Tringa_flavipes_nqbik0.png,615
Sibirionetta formosa,Baikal teal,Common,https://res.cloudinary.com/dnymlkh8e/image/upload/v1774947992/Sibirionetta_formosa_lg2b54.png,396
Circaetus gallicus,Short-toed snake eagle,Common,https://res.cloudinary.com/dnymlkh8e/image/upload/v1774948008/Circaetus_gallicus_yuiatx.png,1443
Monticola saxatilis,Common rock thrush,Endangered,https://res.cloudinary.com/dnymlkh8e/image/upload/v1774947984/Monticola_saxatilis_pszp9k.png,364
Actitis macularius,Spotted sandpiper,Common,https://res.cloudinary.com/dnymlkh8e/image/upload/v1774948053/Actitis_macularius_zyriki.png,169
Streptopelia turtur,European turtle dove,Endangered,https://res.cloudinary.com/dnymlkh8e/image/upload/v1774947994/Streptopelia_turtur_zzpaqj.png,1405
Phylloscopus trochiloides,Greenish warbler,Migrating,https://res.cloudinary.com/dnymlkh8e/image/upload/v1774948039/Phylloscopus_trochiloides_nkmo29.png,1909
Lanius minor,Lanius,Migrating,https://res.cloudinary.com/dnymlkh8e/image/upload/v1774947979/Lanius_minor_okw7d7.png,236
Apus caffer,White-rumped swift,Common,https://res.cloudinary.com/dnymlkh8e/image/upload/v1774947987/Apus_caffer_tymt4o.png,84
Gallinago media,Great snipe,Migrating,https://res.cloudinary.com/dnymlkh8e/image/upload/v1774947976/Gallinago_media_h8gey1.png,914
Melanocorypha bimaculata,Bimaculated lark,Common,https://res.cloudinary.com/dnymlkh8e/image/upload/v1774948029/Melanocorypha_bimaculata_xwunj0.png,117
Turdus eunomus,Dusky thrush,Migrating,https://res.cloudinary.com/dnymlkh8e/image/upload/v1774948050/Turdus_eunomus_kxobkl.png,136
Phylloscopus plumbeitarsus,Two-barred warbler,Migrating,https://res.cloudinary.com/dnymlkh8e/image/upload/v1774947988/Phylloscopus_plumbeitarsus_krsjfo.png,84
Loxia leucoptera,Two-barred crossbill,Common,https://res.cloudinary.com/dnymlkh8e/image/upload/v1774947982/Loxia_leucoptera_hdwtyy.png,3305
Serinus canaria,Atlantic canary,Common,https://res.cloudinary.com/dnymlkh8e/image/upload/v1774947992/Serinus_canaria_pzrlb7.png,167
Glareola nordmanni,Black-winged pratincole,Common,https://res.cloudinary.com/dnymlkh8e/image/upload/v1774948020/Glareola_nordmanni_rc8v51.png,440
Glaucidium passerinum,Eurasian pygmy owl,Common,https://res.cloudinary.com/dnymlkh8e/image/upload/v1774947977/Glaucidium_passerinum_ukeqd4.png,1727
Branta hutchinsii,Cackling goose,Common,https://res.cloudinary.com/dnymlkh8e/image/upload/v1774948000/Branta_hutchinsii_pu7jid.png,373
Nymphicus hollandicus,Cockatiel,Exotic,https://res.cloudinary.com/dnymlkh8e/image/upload/v1774948032/Nymphicus_hollandicus_d4krb1.png,139
Pagophila eburnea,Ivory gull,Common,https://res.cloudinary.com/dnymlkh8e/image/upload/v1774948033/Pagophila_eburnea_blnemc.png,463
Vanellus leucurus,White-tailed lapwing,Migrating,https://res.cloudinary.com/dnymlkh8e/image/upload/v1774948052/Vanellus_leucurus_rfzxml.png,156
Emberiza chrysophrys,Emberiza,Common,https://res.cloudinary.com/dnymlkh8e/image/upload/v1774948014/Emberiza_chrysophrys_sojdsq.png,92
Tringa stagnatilis,Marsh sandpiper,Common,https://res.cloudinary.com/dnymlkh8e/image/upload/v1774948050/Tringa_stagnatilis_dsnbpa.png,1152
Curruca melanocephala,Sardinian warbler,Common,https://res.cloudinary.com/dnymlkh8e/image/upload/v1774948011/Curruca_melanocephala_dpabf5.png,128
Phylloscopus ibericus,Iberian chiffchaff,Common,https://res.cloudinary.com/dnymlkh8e/image/upload/v1774947988/Phylloscopus_ibericus_nhu8ep.png,267
Lanius phoenicuroides,Lanius,Migrating,https://res.cloudinary.com/dnymlkh8e/image/upload/v1774947980/Lanius_phoenicuroides_skn26a.png,339
Mareca sibilatrix,Chiloé wigeon,Common,https://res.cloudinary.com/dnymlkh8e/image/upload/v1774948028/Mareca_sibilatrix_qbqhcl.png,22
Emberiza cirlus,Cirl bunting,Exotic,https://res.cloudinary.com/dnymlkh8e/image/upload/v1774948014/Emberiza_cirlus_jaaser.png,443
Calandrella brachydactyla,Greater short-toed lark,Migrating,https://res.cloudinary.com/dnymlkh8e/image/upload/v1774948001/Calandrella_brachydactyla_angiks.png,269
Iduna pallida,Eastern olivaceous warbler,Common,https://res.cloudinary.com/dnymlkh8e/image/upload/v1774948023/Iduna_pallida_guobmc.png,76
Motacilla citreola,Citrine wagtail,Common,https://res.cloudinary.com/dnymlkh8e/image/upload/v1774948031/Motacilla_citreola_qf3bvw.png,644
Gelochelidon nilotica,Gull-billed tern,Common,https://res.cloudinary.com/dnymlkh8e/image/upload/v1774947977/Gelochelidon_nilotica_hb8hlb.png,800
Cecropis semirufa,Red-breasted swallow,Common,https://res.cloudinary.com/dnymlkh8e/image/upload/v1774948005/Cecropis_semirufa_a1lp3c.png,196
Oenanthe pleschanka,Pied wheatear,Migrating,https://res.cloudinary.com/dnymlkh8e/image/upload/v1774948033/Oenanthe_pleschanka_v6gdwg.png,603
Prunella atrogularis,Black-throated accentor,Migrating,https://res.cloudinary.com/dnymlkh8e/image/upload/v1774947990/Prunella_atrogularis_tdr9of.png,160
Bubo scandiacus,Snowy owl,Migrating,https://res.cloudinary.com/dnymlkh8e/image/upload/v1774947966/Bubo_scandiacus_ekvtbm.png,527
Anthus hodgsoni,Olive-backed pipit,Common,https://res.cloudinary.com/dnymlkh8e/image/upload/v1774947963/Anthus_hodgsoni_vddn9d.png,254
Buteo rufinus,Long-legged buzzard,Common,https://res.cloudinary.com/dnymlkh8e/image/upload/v1774948001/Buteo_rufinus_irqzmz.png,301
Calidris himantopus,Stilt sandpiper,Common,https://res.cloudinary.com/dnymlkh8e/image/upload/v1774948003/Calidris_himantopus_ejguny.png,193
Polysticta stelleri,Steller's eider,Endangered,https://res.cloudinary.com/dnymlkh8e/image/upload/v1774948041/Polysticta_stelleri_smgbs9.png,447
Hydrobates pelagicus,European storm petrel,Exotic,https://res.cloudinary.com/dnymlkh8e/image/upload/v1774948022/Hydrobates_pelagicus_s4yfdk.png,261
Bucanetes githagineus,Trumpeter finch,Common,https://res.cloudinary.com/dnymlkh8e/image/upload/v1774948001/Bucanetes_githagineus_soyj5d.png,70
Ardeola ralloides,Squacco heron,Common,https://res.cloudinary.com/dnymlkh8e/image/upload/v1774947993/Ardeola_ralloides_funzxf.png,514
Emberiza leucocephalos,Emberiza,Common,https://res.cloudinary.com/dnymlkh8e/image/upload/v1774948015/Emberiza_leucocephalos_kmbxf8.png,132
Aix sponsa,Wood duck,Migrating,https://res.cloudinary.com/dnymlkh8e/image/upload/v1774948055/Aix_sponsa_czjlgx.png,465
Anas rubripes,American black duck,Migrating,https://res.cloudinary.com/dnymlkh8e/image/upload/v1774947973/Anas_rubripes_ck4w9f.png,70
Emberiza rustica,Rustic bunting,Migrating,https://res.cloudinary.com/dnymlkh8e/image/upload/v1774948015/Emberiza_rustica_zaoqex.png,109
Xenus cinereus,Terek sandpiper,Migrating,https://res.cloudinary.com/dnymlkh8e/image/upload/v1774948053/Xenus_cinereus_d2ysvk.png,643
Larus delawarensis,Ring-billed gull,Common,https://res.cloudinary.com/dnymlkh8e/image/upload/v1774947980/Larus_delawarensis_oy2dqx.png,156
Spatula discors,Blue-winged teal,Common,https://res.cloudinary.com/dnymlkh8e/image/upload/v1774948045/Spatula_discors_icdfuf.png,366
Porzana parva,Little crake,Migrating,https://res.cloudinary.com/dnymlkh8e/image/upload/v1774948041/Porzana_parva_wt5ivz.png,278
Calidris fuscicollis,White-rumped sandpiper,Migrating,https://res.cloudinary.com/dnymlkh8e/image/upload/v1774948003/Calidris_fuscicollis_tdmzep.png,264
Tarsiger cyanurus,Red-flanked bluetail,Migrating,https://res.cloudinary.com/dnymlkh8e/image/upload/v1774948048/Tarsiger_cyanurus_rwvoxq.png,358
Ichthyaetus audouinii,Audouin's gull,Migrating,https://res.cloudinary.com/dnymlkh8e/image/upload/v1774948022/Ichthyaetus_audouinii_itxhtk.png,117
Oenanthe leucopyga,White-crowned wheatear,Common,https://res.cloudinary.com/dnymlkh8e/image/upload/v1774948033/Oenanthe_leucopyga_ch9mww.png,93
Limnodromus scolopaceus,Long-billed dowitcher,Common,https://res.cloudinary.com/dnymlkh8e/image/upload/v1774947981/Limnodromus_scolopaceus_f34onk.png,948
Carpodacus sibiricus,Siberian long-tailed rosefinch,Common,https://res.cloudinary.com/dnymlkh8e/image/upload/v1774948005/Carpodacus_sibiricus_q9vgau.png,6
Oenanthe deserti,Desert wheatear,Migrating,https://res.cloudinary.com/dnymlkh8e/image/upload/v1774948032/Oenanthe_deserti_v0mvr6.png,359
Otus scops,Scops owl,Common,https://res.cloudinary.com/dnymlkh8e/image/upload/v1774947986/Otus_scops_ebpk1e.png,102
Anthus campestris,Tawny pipit,Common,https://res.cloudinary.com/dnymlkh8e/image/upload/v1774947983/Anthus_campestris_oievyb.png,209
Zoothera aurea,White's thrush,Common,https://res.cloudinary.com/dnymlkh8e/image/upload/v1774947998/Zoothera_aurea_lldrez.png,35
Emberiza buchanani,Emberiza,Common,https://res.cloudinary.com/dnymlkh8e/image/upload/v1774948013/Emberiza_buchanani_awdrdn.png,237
Aquila heliaca,Eastern imperial eagle,Endangered,https://res.cloudinary.com/dnymlkh8e/image/upload/v1774947990/Aquila_heliaca_norl3j.png,315
Lanius schach,Long-tailed shrike,Common,https://res.cloudinary.com/dnymlkh8e/image/upload/v1774948023/Lanius_schach_plliil.png,83
Rhodostethia rosea,Ross's gull,Common,https://res.cloudinary.com/dnymlkh8e/image/upload/v1774947991/Rhodostethia_rosea_mcsinq.png,448
Pluvialis fulva,Pacific golden plover,Migrating,https://res.cloudinary.com/dnymlkh8e/image/upload/v1774948040/Pluvialis_fulva_pfral6.png,362
Oenanthe isabellina,Isabelline wheatear,Migrating,https://res.cloudinary.com/dnymlkh8e/image/upload/v1774947985/Oenanthe_isabellina_amxeea.png,351
Calidris acuminata,Sharp-tailed sandpiper,Migrating,https://res.cloudinary.com/dnymlkh8e/image/upload/v1774948002/Calidris_acuminata_gdogzv.png,94
Pelecanus crispus,Dalmatian pelican,Endangered,https://res.cloudinary.com/dnymlkh8e/image/upload/v1774948035/Pelecanus_crispus_gyzpyk.png,52
Marmaronetta angustirostris,Marbled duck,Common,https://res.cloudinary.com/dnymlkh8e/image/upload/v1774948028/Marmaronetta_angustirostris_n8wh3a.png,235
Calonectris diomedea,Scopoli's shearwater,Common,https://res.cloudinary.com/dnymlkh8e/image/upload/v1774947968/Calonectris_diomedea_fxeomy.png,50
Ficedula albicollis,Collared flycatcher,Migrating,https://res.cloudinary.com/dnymlkh8e/image/upload/v1774948017/Ficedula_albicollis_uyc4ya.png,385
Vanellus spinosus,Spur-winged lapwing,Common,https://res.cloudinary.com/dnymlkh8e/image/upload/v1774947997/Vanellus_spinosus_rdmtpl.png,52
Phylloscopus borealis,Arctic warbler,Migrating,https://res.cloudinary.com/dnymlkh8e/image/upload/v1774948037/Phylloscopus_borealis_wrhekk.png,347
Botaurus lentiginosus,American bittern,Common,https://res.cloudinary.com/dnymlkh8e/image/upload/v1774947999/Botaurus_lentiginosus_y5ngxl.png,88
Acrocephalus paludicola,Aquatic warbler,Migrating,https://res.cloudinary.com/dnymlkh8e/image/upload/v1774947962/Acrocephalus_paludicola_ukooam.png,26
Ardea purpurea,Purple heron,Common,https://res.cloudinary.com/dnymlkh8e/image/upload/v1774947993/Ardea_purpurea_aynt68.png,143
Thalassarche melanophris,Black-browed albatross,Common,https://res.cloudinary.com/dnymlkh8e/image/upload/v1774948049/Thalassarche_melanophris_p79lej.png,310
Anser cygnoides,Swan goose,Exotic,https://res.cloudinary.com/dnymlkh8e/image/upload/v1774947979/Anser_cygnoides_kxtubo.png,187
Haliaeetus pelagicus,Steller's sea eagle,Endangered,https://res.cloudinary.com/dnymlkh8e/image/upload/v1774948021/Haliaeetus_pelagicus_cysxtm.png,25
Anthus godlewskii,Blyth's pipit,Common,https://res.cloudinary.com/dnymlkh8e/image/upload/v1774947984/Anthus_godlewskii_ydvjxa.png,144
Chroicocephalus philadelphia,Bonaparte's gull,Common,https://res.cloudinary.com/dnymlkh8e/image/upload/v1774948007/Chroicocephalus_philadelphia_vp0tzw.png,383
Vireo olivaceus,Red-eyed vireo,Endangered,https://res.cloudinary.com/dnymlkh8e/image/upload/v1774948052/Vireo_olivaceus_vobmtp.png,116
Locustella lanceolata,Lanceolated warbler,Migrating,https://res.cloudinary.com/dnymlkh8e/image/upload/v1774947981/Locustella_lanceolata_blhdxo.png,28
Emberiza cineracea,Emberiza,Common,https://res.cloudinary.com/dnymlkh8e/image/upload/v1774948014/Emberiza_cineracea_cw50ay.png,65
Leucophaeus atricilla,Laughing gull,Common,https://res.cloudinary.com/dnymlkh8e/image/upload/v1774948026/Leucophaeus_atricilla_ljx9ms.png,350
Larus glaucescens,Glaucous-winged gull,Common,https://res.cloudinary.com/dnymlkh8e/image/upload/v1774948024/Larus_glaucescens_po7tm4.png,68
Larvivora sibilans,Rufous-tailed robin,Common,https://res.cloudinary.com/dnymlkh8e/image/upload/v1774948025/Larvivora_sibilans_eafiuw.png,22
Coracias garrulus,European roller,Common,https://res.cloudinary.com/dnymlkh8e/image/upload/v1774948010/Coracias_garrulus_uokusu.png,369
Pelecanus onocrotalus,Great white pelican,Endangered,https://res.cloudinary.com/dnymlkh8e/image/upload/v1774948035/Pelecanus_onocrotalus_lq81jp.png,121
Syrmaticus reevesii,Reeves's pheasant,Exotic,https://res.cloudinary.com/dnymlkh8e/image/upload/v1774948048/Syrmaticus_reevesii_inqdpm.png,246
Sterna dougallii,Roseate tern,Common,https://res.cloudinary.com/dnymlkh8e/image/upload/v1774947993/Sterna_dougallii_ggmfpp.png,52
Onychoprion anaethetus,Bridled tern,Common,https://res.cloudinary.com/dnymlkh8e/image/upload/v1774948033/Onychoprion_anaethetus_wqmfmo.png,20
Prunella collaris,Alpine accentor,Common,https://res.cloudinary.com/dnymlkh8e/image/upload/v1774947991/Prunella_collaris_th2o5d.png,289
Acrocephalus agricola,Paddyfield warbler,Migrating,https://res.cloudinary.com/dnymlkh8e/image/upload/v1774947962/Acrocephalus_agricola_akcgk1.png,177
Tachymarptis melba,Alpine swift,Migrating,https://res.cloudinary.com/dnymlkh8e/image/upload/v1774947995/Tachymarptis_melba_gqcxfl.png,179
Cygnus melancoryphus,Black-necked swan,Common,https://res.cloudinary.com/dnymlkh8e/image/upload/v1774948013/Cygnus_melancoryphus_esjreq.png,14
Sylvia nana,Asian desert warbler,Common,https://res.cloudinary.com/dnymlkh8e/image/upload/v1774947994/Sylvia_nana_fbbava.png,50
Zenaida macroura,Mourning dove,Common,https://res.cloudinary.com/dnymlkh8e/image/upload/v1774948053/Zenaida_macroura_eko05v.png,141
Cettia cetti,Cetti's warbler,Common,https://res.cloudinary.com/dnymlkh8e/image/upload/v1774948006/Cettia_cetti_q925zl.png,35
Alectoris rufa,Red-legged partridge,Common,https://res.cloudinary.com/dnymlkh8e/image/upload/v1774947967/Alectoris_rufa_rs0r43.png,124
Threskiornis aethiopicus,African sacred ibis,Common,https://res.cloudinary.com/dnymlkh8e/image/upload/v1774947995/Threskiornis_aethiopicus_fyjk12.png,109
Gyps rueppellii,Rüppell's vulture,Endangered,https://res.cloudinary.com/dnymlkh8e/image/upload/v1774947978/Gyps_rueppellii_ibfpc6.png,8
Vanellus gregarius,Sociable lapwing,Migrating,https://res.cloudinary.com/dnymlkh8e/image/upload/v1774947997/Vanellus_gregarius_yy8g0m.png,101
Iduna caligata,Booted warbler,Common,https://res.cloudinary.com/dnymlkh8e/image/upload/v1774947979/Iduna_caligata_da5glz.png,139
Cyanopica cooki,Iberian magpie,Common,https://res.cloudinary.com/dnymlkh8e/image/upload/v1774947973/Cyanopica_cooki_m7f2x5.png,10
Sturnus unicolor,Spotless starling,Migrating,https://res.cloudinary.com/dnymlkh8e/image/upload/v1774947994/Sturnus_unicolor_q4dx49.png,87
Phylloscopus griseolus,Sulphur-bellied warbler,Common,https://res.cloudinary.com/dnymlkh8e/image/upload/v1774948038/Phylloscopus_griseolus_s2b3l3.png,51
Hippolais polyglotta,Melodious warbler,Migrating,https://res.cloudinary.com/dnymlkh8e/image/upload/v1774947978/Hippolais_polyglotta_qo5kgg.png,38
Catharus ustulatus,Swainson's thrush,Common,https://res.cloudinary.com/dnymlkh8e/image/upload/v1774947969/Catharus_ustulatus_igstey.png,13
Curruca iberiae,Western subalpine warbler,Common,https://res.cloudinary.com/dnymlkh8e/image/upload/v1774948011/Curruca_iberiae_azmzcr.png,72
Cecropis daurica,Eastern red-rumped swallow,Common,https://res.cloudinary.com/dnymlkh8e/image/upload/v1774947969/Cecropis_daurica_n9wjco.png,27
Anthropoides virgo,Demoiselle crane,Migrating,https://res.cloudinary.com/dnymlkh8e/image/upload/v1774947982/Anthropoides_virgo_nk5vgi.png,136
Emberiza melanocephala,Black-headed bunting,Migrating,https://res.cloudinary.com/dnymlkh8e/image/upload/v1774948015/Emberiza_melanocephala_gmuyyg.png,229
Melanitta deglandi,White-winged scoter,Common,https://res.cloudinary.com/dnymlkh8e/image/upload/v1774947983/Melanitta_deglandi_pgyybf.png,184
Chloephaga picta,Upland goose,Common,https://res.cloudinary.com/dnymlkh8e/image/upload/v1774948007/Chloephaga_picta_hvujee.png,15
Uria lomvia,Thick-billed murre,Common,https://res.cloudinary.com/dnymlkh8e/image/upload/v1774948052/Uria_lomvia_lmnuol.png,39
Grus japonensis,Red-crowned crane,Common,https://res.cloudinary.com/dnymlkh8e/image/upload/v1774948020/Grus_japonensis_g5pvef.png,74
Calidris pusilla,Semipalmated sandpiper,Common,https://res.cloudinary.com/dnymlkh8e/image/upload/v1774948004/Calidris_pusilla_z0xbmz.png,83
Phoenicopterus roseus,Greater flamingo,Common,https://res.cloudinary.com/dnymlkh8e/image/upload/v1774947988/Phoenicopterus_roseus_ve6v6g.png,24
Aegypius monachus,Cinereous vulture,Common,https://res.cloudinary.com/dnymlkh8e/image/upload/v1774948055/Aegypius_monachus_bltsn3.png,27
Emberiza cia,Rock bunting,Common,https://res.cloudinary.com/dnymlkh8e/image/upload/v1774948014/Emberiza_cia_u3mlnz.png,19
Clamator glandarius,Great spotted cuckoo,Common,https://res.cloudinary.com/dnymlkh8e/image/upload/v1774948009/Clamator_glandarius_dfzsid.png,120
Emberiza bruniceps,Red-headed bunting,Migrating,https://res.cloudinary.com/dnymlkh8e/image/upload/v1774948014/Emberiza_bruniceps_h1be44.png,56
Calidris ruficollis,Red-necked stint,Migrating,https://res.cloudinary.com/dnymlkh8e/image/upload/v1774947968/Calidris_ruficollis_iuceue.png,29
Lanius cristatus,Brown shrike,Common,https://res.cloudinary.com/dnymlkh8e/image/upload/v1774948023/Lanius_cristatus_exkfio.png,44
Sylvia sarda,Marmora's warbler,Common,https://res.cloudinary.com/dnymlkh8e/image/upload/v1774948048/Sylvia_sarda_mckxrw.png,44
Picoides tridactylus,Eurasian three-toed woodpecker,Common,https://res.cloudinary.com/dnymlkh8e/image/upload/v1774947989/Picoides_tridactylus_c7uewq.png,27
Setophaga striata,Blackpoll warbler,Migrating,https://res.cloudinary.com/dnymlkh8e/image/upload/v1774947992/Setophaga_striata_ybol3k.png,60
Charadrius asiaticus,Caspian plover,Migrating,https://res.cloudinary.com/dnymlkh8e/image/upload/v1774948006/Charadrius_asiaticus_k8djky.png,1
Charadrius leschenaultii,Greater sand plover,Common,https://res.cloudinary.com/dnymlkh8e/image/upload/v1774948006/Charadrius_leschenaultii_xbigpt.png,112
Bartramia longicauda,Upland sandpiper,Common,https://res.cloudinary.com/dnymlkh8e/image/upload/v1774947999/Bartramia_longicauda_rdaur4.png,47
Pelecanus rufescens,Pink-backed pelican,Common,https://res.cloudinary.com/dnymlkh8e/image/upload/v1774948035/Pelecanus_rufescens_eksfwg.png,57
Phoeniconaias minor,Lesser flamingo,Common,https://res.cloudinary.com/dnymlkh8e/image/upload/v1774948037/Phoeniconaias_minor_hedt0o.png,18
Apus pacificus,Pacific swift,Migrating,https://res.cloudinary.com/dnymlkh8e/image/upload/v1774947988/Apus_pacificus_kqkxpq.png,73
Chroicocephalus genei,Slender-billed gull,Migrating,https://res.cloudinary.com/dnymlkh8e/image/upload/v1774947970/Chroicocephalus_genei_dyehcu.png,16
Psittacula eupatria,Alexandrine parakeet,Common,https://res.cloudinary.com/dnymlkh8e/image/upload/v1774948042/Psittacula_eupatria_bbmhr8.png,51
Chrysolophus pictus,Golden pheasant,Common,https://res.cloudinary.com/dnymlkh8e/image/upload/v1774948007/Chrysolophus_pictus_pn9mci.png,23
Spatula cyanoptera,Cinnamon teal,Common,https://res.cloudinary.com/dnymlkh8e/image/upload/v1774947993/Spatula_cyanoptera_nvwkq6.png,16
Ficedula albicilla,Taiga flycatcher,Migrating,https://res.cloudinary.com/dnymlkh8e/image/upload/v1774948017/Ficedula_albicilla_p6mpuf.png,29
Apus affinis,Little swift,Common,https://res.cloudinary.com/dnymlkh8e/image/upload/v1774947987/Apus_affinis_q17skn.png,21
Myiopsitta monachus,Monk parakeet,Common,https://res.cloudinary.com/dnymlkh8e/image/upload/v1774947985/Myiopsitta_monachus_pywf5n.png,12
Phylloscopus nitidus,Green warbler,Common,https://res.cloudinary.com/dnymlkh8e/image/upload/v1774948038/Phylloscopus_nitidus_c0jfxp.png,48
Puffinus gravis,Great shearwater,Common,https://res.cloudinary.com/dnymlkh8e/image/upload/v1774948043/Puffinus_gravis_qqpzsi.png,14
Ichthyaetus ichthyaetus,Pallas's gull,Common,https://res.cloudinary.com/dnymlkh8e/image/upload/v1774948022/Ichthyaetus_ichthyaetus_leekh4.png,7
Hirundapus caudacutus,White-throated needletail,Migrating,https://res.cloudinary.com/dnymlkh8e/image/upload/v1774947978/Hirundapus_caudacutus_jnc6b8.png,4
Catharus guttatus,Hermit thrush,Common,https://res.cloudinary.com/dnymlkh8e/image/upload/v1774948005/Catharus_guttatus_lsc3cf.png,6
Pernis ptilorhynchus,Crested honey buzzard,Common,https://res.cloudinary.com/dnymlkh8e/image/upload/v1774947987/Pernis_ptilorhynchus_ylr4ki.png,19
Falco eleonorae,Eleonora's falcon,Common,https://res.cloudinary.com/dnymlkh8e/image/upload/v1774948016/Falco_eleonorae_kfiw9o.png,2
Corvus albus,Pied crow,Common,https://res.cloudinary.com/dnymlkh8e/image/upload/v1774947972/Corvus_albus_kjmw4w.png,1
Ara militaris,Military macaw,Endangered,https://res.cloudinary.com/dnymlkh8e/image/upload/v1774947992/Ara_militaris_pjfah3.png,4
Haliaeetus leucocephalus,Bald eagle,Endangered,https://res.cloudinary.com/dnymlkh8e/image/upload/v1774947978/Haliaeetus_leucocephalus_qmv8cs.png,4
Thalasseus elegans,Elegant tern,Migrating,https://res.cloudinary.com/dnymlkh8e/image/upload/v1774948049/Thalasseus_elegans_udynfr.png,4
Alectoris chukar,Chukar partridge,Exotic,https://res.cloudinary.com/dnymlkh8e/image/upload/v1774947964/Alectoris_chukar_byrvom.png,11
Leucophaeus pipixcan,Franklin's gull,Common,https://res.cloudinary.com/dnymlkh8e/image/upload/v1774947981/Leucophaeus_pipixcan_yvne2x.png,9
Ptyonoprogne rupestris,Eurasian crag martin,Migrating,https://res.cloudinary.com/dnymlkh8e/image/upload/v1774948042/Ptyonoprogne_rupestris_cjyj41.png,7
Falco biarmicus,Lanner falcon,Common,https://res.cloudinary.com/dnymlkh8e/image/upload/v1774948015/Falco_biarmicus_uh10oq.png,4
Zonotrichia leucophrys,White-crowned sparrow,Migrating,https://res.cloudinary.com/dnymlkh8e/image/upload/v1774947998/Zonotrichia_leucophrys_urrnra.png,1
Turdus obscurus,Eyebrowed thrush,Migrating,https://res.cloudinary.com/dnymlkh8e/image/upload/v1774948051/Turdus_obscurus_lxvehn.png,2
Larus armenicus,Armenian gull,Common,https://res.cloudinary.com/dnymlkh8e/image/upload/v1774947980/Larus_armenicus_zcjahj.png,1
Passer hispaniolensis,Spanish sparrow,Common,https://res.cloudinary.com/dnymlkh8e/image/upload/v1774947986/Passer_hispaniolensis_m8owpj.png,1
