species,common_name,status,count,url
Anthus pratensis,Meadow pipit,Migrating,204263,https://res.cloudinary.com/dnymlkh8e/image/upload/v1775208576/Anthus_pratensis_zecu4x.png
Phoenicurus phoenicurus,White-breasted waterhen,Common,116730,https://res.cloudinary.com/dnymlkh8e/image/upload/v1775208876/Phoenicurus_phoenicurus_k1bv59.png
Sylvia atricapilla,Eurasian blackcap,Common,227516,https://res.cloudinary.com/dnymlkh8e/image/upload/v1775208933/Sylvia_atricapilla_uibmvq.png
Circus aeruginosus,Western marsh harrier,Migrating,325953,https://res.cloudinary.com/dnymlkh8e/image/upload/v1775208701/Circus_aeruginosus_i18kxp.png
Columba livia,Rock dove,Common,35271,https://res.cloudinary.com/dnymlkh8e/image/upload/v1775208706/Columba_livia_bzli6o.png
Hirundo rustica,Barn swallow,Migrating,332231,https://res.cloudinary.com/dnymlkh8e/image/upload/v1775208776/Hirundo_rustica_tujk59.png
Sturnus vulgaris,Common starling,Exotic,348348,https://res.cloudinary.com/dnymlkh8e/image/upload/v1775208932/Sturnus_vulgaris_s4tmqa.png
Porzana porzana,Porzana,Common,3127,https://res.cloudinary.com/dnymlkh8e/image/upload/v1775208898/Porzana_porzana_ajriwk.png
Pernis apivorus,European honey buzzard,Common,75212,https://res.cloudinary.com/dnymlkh8e/image/upload/v1775208869/Pernis_apivorus_gfdu0z.png
Charadrius hiaticula,Common ringed plover,Common,155253,https://res.cloudinary.com/dnymlkh8e/image/upload/v1775208688/Charadrius_hiaticula_ofodtx.png
Streptopelia decaocto,Eurasian collared dove,Exotic,109661,https://res.cloudinary.com/dnymlkh8e/image/upload/v1775208928/Streptopelia_decaocto_wlqwfk.png
Sylvia borin,Garden warbler,Migrating,88432,https://res.cloudinary.com/dnymlkh8e/image/upload/v1775208935/Sylvia_borin_s0exke.png
Larus marinus,Great black-backed gull,Common,210295,https://res.cloudinary.com/dnymlkh8e/image/upload/v1775208794/Larus_marinus_wsur63.png
Anser anser,Unknown,Unknown,649110,https://res.cloudinary.com/dnymlkh8e/image/upload/v1775208533/Anser_anser_tuofyk.png
Acrocephalus palustris,Marsh warbler,Extinct,60444,https://res.cloudinary.com/dnymlkh8e/image/upload/v1775208506/Acrocephalus_palustris_khjwt1.png
Periparus ater,Coal tit,Common,100497,https://res.cloudinary.com/dnymlkh8e/image/upload/v1775208868/Periparus_ater_f5aia9.png
Pavo cristatus,Indian peafowl,Exotic,812,https://res.cloudinary.com/dnymlkh8e/image/upload/v1775208864/Pavo_cristatus_nfgzb9.png
Acrocephalus schoenobaenus,Sedge warbler,Migrating,44962,https://res.cloudinary.com/dnymlkh8e/image/upload/v1775208507/Acrocephalus_schoenobaenus_mdffb6.png
Platalea leucorodia,Eurasian spoonbill,Migrating,43265,https://res.cloudinary.com/dnymlkh8e/image/upload/v1775208889/Platalea_leucorodia_lcrfno.png
Vanellus vanellus,Northern lapwing,Common,406078,https://res.cloudinary.com/dnymlkh8e/image/upload/v1775208961/Vanellus_vanellus_p54pgi.png
Mergus serrator,Red-breasted merganser,Endangered,183117,https://res.cloudinary.com/dnymlkh8e/image/upload/v1775208838/Mergus_serrator_jhc9nj.png
Emberiza calandra,Corn bunting,Common,66363,https://res.cloudinary.com/dnymlkh8e/image/upload/v1775208730/Emberiza_calandra_wuwouq.png
Linaria cannabina,Common linnet,Common,176464,https://res.cloudinary.com/dnymlkh8e/image/upload/v1775208813/Linaria_cannabina_tgpzzg.png
Tadorna tadorna,Common shelduck,Extinct,297216,https://res.cloudinary.com/dnymlkh8e/image/upload/v1775208941/Tadorna_tadorna_xyhls2.png
Troglodytes troglodytes,Eurasian wren,Migrating,368899,https://res.cloudinary.com/dnymlkh8e/image/upload/v1775208950/Troglodytes_troglodytes_cya5x4.png
Ficedula hypoleuca,European pied flycatcher,Migrating,28586,https://res.cloudinary.com/dnymlkh8e/image/upload/v1775208750/Ficedula_hypoleuca_igy4ym.png
Numenius phaeopus,Eurasian whimbrel,Common,39512,https://res.cloudinary.com/dnymlkh8e/image/upload/v1775208849/Numenius_phaeopus_xyjliu.png
Lanius collurio,Red-backed shrike,Migrating,69402,https://res.cloudinary.com/dnymlkh8e/image/upload/v1775208784/Lanius_collurio_m14dtv.png
Coloeus monedula,Western jackdaw,Common,257424,https://res.cloudinary.com/dnymlkh8e/image/upload/v1775208706/Coloeus_monedula_pxuxau.png
Phasianus colchicus,Common pheasant,Exotic,154396,https://res.cloudinary.com/dnymlkh8e/image/upload/v1775208874/Phasianus_colchicus_ptynts.png
Pyrrhula pyrrhula,Eurasian bullfinch,Common,203303,https://res.cloudinary.com/dnymlkh8e/image/upload/v1775208906/Pyrrhula_pyrrhula_ftzbbi.png
Mergus merganser,Common merganser,Common,189193,https://res.cloudinary.com/dnymlkh8e/image/upload/v1775208837/Mergus_merganser_nf4bx6.png
Bucephala clangula,Common goldeneye,Common,253696,https://res.cloudinary.com/dnymlkh8e/image/upload/v1775208626/Bucephala_clangula_lpqp13.png
Chloris chloris,European greenfinch,Exotic,283964,https://res.cloudinary.com/dnymlkh8e/image/upload/v1775208694/Chloris_chloris_xbhoc2.png
Grus grus,Unknown,Unknown,175607,https://res.cloudinary.com/dnymlkh8e/image/upload/v1775208767/Grus_grus_bgg3g4.png
Turdus merula,Common blackbird,Exotic,531240,https://res.cloudinary.com/dnymlkh8e/image/upload/v1775208953/Turdus_merula_ez2rzl.png
Haliaeetus albicilla,White-tailed eagle,Extinct,327913,https://res.cloudinary.com/dnymlkh8e/image/upload/v1775208772/Haliaeetus_albicilla_fvf3dj.png
Anser albifrons,Greater white-fronted goose,Migrating,101557,https://res.cloudinary.com/dnymlkh8e/image/upload/v1775208532/Anser_albifrons_osn1xf.png
Cygnus cygnus,Swan,Extinct,279389,https://res.cloudinary.com/dnymlkh8e/image/upload/v1775208721/Cygnus_cygnus_lmbgdi.png
Spinus spinus,Unknown,Unknown,165831,https://res.cloudinary.com/dnymlkh8e/image/upload/v1775208923/Spinus_spinus_iedae7.png
Alauda arvensis,Eurasian skylark,Exotic,285712,https://res.cloudinary.com/dnymlkh8e/image/upload/v1775208514/Alauda_arvensis_ps820j.png
Garrulus glandarius,Eurasian jay,Common,187922,https://res.cloudinary.com/dnymlkh8e/image/upload/v1775208757/Garrulus_glandarius_hlao30.png
Haematopus ostralegus,Eurasian oystercatcher,Common,291415,https://res.cloudinary.com/dnymlkh8e/image/upload/v1775208770/Haematopus_ostralegus_ntq7kh.png
Turdus philomelos,Song thrush,Endangered,176853,https://res.cloudinary.com/dnymlkh8e/image/upload/v1775208954/Turdus_philomelos_y8iqiu.png
Loxia curvirostra,Red crossbill,Common,83105,https://res.cloudinary.com/dnymlkh8e/image/upload/v1775208823/Loxia_curvirostra_jw6rbw.png
Cygnus olor,Mute swan,Exotic,524538,https://res.cloudinary.com/dnymlkh8e/image/upload/v1775208722/Cygnus_olor_ky6neo.png
Recurvirostra avosetta,Pied avocet,Migrating,96890,https://res.cloudinary.com/dnymlkh8e/image/upload/v1775208908/Recurvirostra_avosetta_hodvv1.png
Phylloscopus collybita,Common chiffchaff,Extinct,386182,https://res.cloudinary.com/dnymlkh8e/image/upload/v1775208878/Phylloscopus_collybita_rb2lm7.png
Larus argentatus,European herring gull,Common,352729,https://res.cloudinary.com/dnymlkh8e/image/upload/v1775208789/Larus_argentatus_y6bttw.png
Buteo buteo,Common buzzard,Common,704021,https://res.cloudinary.com/dnymlkh8e/image/upload/v1775208632/Buteo_buteo_sk6ise.png
Mareca penelope,Eurasian wigeon,Common,296676,https://res.cloudinary.com/dnymlkh8e/image/upload/v1775208829/Mareca_penelope_fe6gah.png
Ardea cinerea,Unknown,Unknown,495804,https://res.cloudinary.com/dnymlkh8e/image/upload/v1775208592/Ardea_cinerea_zyajoj.png
Fulica atra,Eurasian coot,Common,338959,https://res.cloudinary.com/dnymlkh8e/image/upload/v1775208753/Fulica_atra_gnimiz.png
Gavia stellata,Red-throated loon,Migrating,104361,https://res.cloudinary.com/dnymlkh8e/image/upload/v1775208761/Gavia_stellata_givwxw.png
Pica pica,Unknown,Unknown,271460,https://res.cloudinary.com/dnymlkh8e/image/upload/v1775208886/Pica_pica_x95d0n.png
Anas platyrhynchos,Mallard,Extinct,587719,https://res.cloudinary.com/dnymlkh8e/image/upload/v1775208528/Anas_platyrhynchos_cvqkld.png
Morus bassanus,Northern gannet,Migrating,104638,https://res.cloudinary.com/dnymlkh8e/image/upload/v1775208842/Morus_bassanus_th4g8v.png
Larus canus,Common gull,Common,257730,https://res.cloudinary.com/dnymlkh8e/image/upload/v1775208790/Larus_canus_twrc9w.png
Sylvia curruca,Lesser whitethroat,Migrating,125909,https://res.cloudinary.com/dnymlkh8e/image/upload/v1775208936/Sylvia_curruca_okfptd.png
Calidris alpina,Dunlin,Common,194010,https://res.cloudinary.com/dnymlkh8e/image/upload/v1775208655/Calidris_alpina_ul9avc.png
Columba palumbus,Common wood pigeon,Common,549339,https://res.cloudinary.com/dnymlkh8e/image/upload/v1775208708/Columba_palumbus_amddqw.png
Melanitta nigra,Common scoter,Common,139687,https://res.cloudinary.com/dnymlkh8e/image/upload/v1775208834/Melanitta_nigra_f0u8kq.png
Mareca strepera,Gadwall,Common,185461,https://res.cloudinary.com/dnymlkh8e/image/upload/v1775208830/Mareca_strepera_f4aezu.png
Strix aluco,Tawny owl,Migrating,52980,https://res.cloudinary.com/dnymlkh8e/image/upload/v1775208930/Strix_aluco_ooxo4b.png
Tyto alba,Western barn owl,Endangered,3929,https://res.cloudinary.com/dnymlkh8e/image/upload/v1775208956/Tyto_alba_woldwu.png
Motacilla flava,Western yellow wagtail,Migrating,97343,https://res.cloudinary.com/dnymlkh8e/image/upload/v1775208845/Motacilla_flava_mp86eb.png
Falco tinnunculus,Common kestrel,Common,407251,https://res.cloudinary.com/dnymlkh8e/image/upload/v1775208747/Falco_tinnunculus_khrtqx.png
Apus apus,Common swift,Endangered,134660,https://res.cloudinary.com/dnymlkh8e/image/upload/v1775208580/Apus_apus_zswri1.png
Emberiza schoeniclus,Common reed bunting,Common,216091,https://res.cloudinary.com/dnymlkh8e/image/upload/v1775208737/Emberiza_schoeniclus_yikp4d.png
Certhia brachydactyla,Short-toed treecreeper,Common,43047,https://res.cloudinary.com/dnymlkh8e/image/upload/v1775208685/Certhia_brachydactyla_dxwj8j.png
Poecile palustris,Marsh tit,Common,131425,https://res.cloudinary.com/dnymlkh8e/image/upload/v1775208897/Poecile_palustris_dlaygl.png
Aegithalos caudatus,Long-tailed tit,Common,77620,https://res.cloudinary.com/dnymlkh8e/image/upload/v1775208510/Aegithalos_caudatus_kyjpkk.png
Coccothraustes coccothraustes,Hawfinch,Common,88691,https://res.cloudinary.com/dnymlkh8e/image/upload/v1775208705/Coccothraustes_coccothraustes_rkd7us.png
Tringa totanus,Common redshank,Common,197420,https://res.cloudinary.com/dnymlkh8e/image/upload/v1775208950/Tringa_totanus_duyilq.png
Numenius arquata,Eurasian curlew,Common,199074,https://res.cloudinary.com/dnymlkh8e/image/upload/v1775208849/Numenius_arquata_o4jygt.png
Ardea alba,Great egret,Common,133707,https://res.cloudinary.com/dnymlkh8e/image/upload/v1775208590/Ardea_alba_cl3ddz.png
Calidris alba,Sanderling,Migrating,53846,https://res.cloudinary.com/dnymlkh8e/image/upload/v1775208646/Calidris_alba_n8asdu.png
Sylvia communis,Common whitethroat,Migrating,178466,https://res.cloudinary.com/dnymlkh8e/image/upload/v1775208935/Sylvia_communis_as2rya.png
Accipiter nisus,Eurasian sparrowhawk,Common,299108,https://res.cloudinary.com/dnymlkh8e/image/upload/v1775208505/Accipiter_nisus_kjulwm.png
Mergellus albellus,Smew,Common,82627,https://res.cloudinary.com/dnymlkh8e/image/upload/v1775208837/Mergellus_albellus_cgokmo.png
Cyanistes caeruleus,Eurasian blue tit,Migrating,352692,https://res.cloudinary.com/dnymlkh8e/image/upload/v1775208718/Cyanistes_caeruleus_amkbyi.png
Phalacrocorax carbo,Great cormorant,Common,442260,https://res.cloudinary.com/dnymlkh8e/image/upload/v1775208871/Phalacrocorax_carbo_f4zo97.png
Somateria mollissima,Common eider,Common,232751,https://res.cloudinary.com/dnymlkh8e/image/upload/v1775208919/Somateria_mollissima_khjqo2.png
Falco columbarius,Merlin (bird),Migrating,64945,https://res.cloudinary.com/dnymlkh8e/image/upload/v1775208741/Falco_columbarius_ybxnux.png
Motacilla alba,White wagtail,Migrating,334522,https://res.cloudinary.com/dnymlkh8e/image/upload/v1775208843/Motacilla_alba_tt0ie0.png
Pluvialis squatarola,Grey plover,Common,67265,https://res.cloudinary.com/dnymlkh8e/image/upload/v1775208892/Pluvialis_squatarola_qnao3y.png
Anas crecca,Eurasian teal,Migrating,306621,https://res.cloudinary.com/dnymlkh8e/image/upload/v1775208519/Anas_crecca_xivplx.png
Branta canadensis,Canada goose,Exotic,92001,https://res.cloudinary.com/dnymlkh8e/image/upload/v1775208616/Branta_canadensis_kwowkz.png
Phalaropus lobatus,Red-necked phalarope,Migrating,4394,https://res.cloudinary.com/dnymlkh8e/image/upload/v1775208872/Phalaropus_lobatus_qrby2s.png
Aythya ferina,Common pochard,Common,142638,https://res.cloudinary.com/dnymlkh8e/image/upload/v1775208602/Aythya_ferina_zgkrbq.png
Milvus milvus,Unknown,Unknown,253069,https://res.cloudinary.com/dnymlkh8e/image/upload/v1775208841/Milvus_milvus_g1aekx.png
Sternula albifrons,Little tern,Common,35800,https://res.cloudinary.com/dnymlkh8e/image/upload/v1775208928/Sternula_albifrons_i41dsq.png
Thalasseus sandvicensis,Sandwich tern,Common,109845,https://res.cloudinary.com/dnymlkh8e/image/upload/v1775208944/Thalasseus_sandvicensis_vfhjux.png
Sterna hirundo,Common tern,Endangered,100599,https://res.cloudinary.com/dnymlkh8e/image/upload/v1775208927/Sterna_hirundo_okhq30.png
Aythya fuligula,Tufted duck,Migrating,316431,https://res.cloudinary.com/dnymlkh8e/image/upload/v1775208604/Aythya_fuligula_lao3rg.png
Hydrocoloeus minutus,Little gull,Common,45568,https://res.cloudinary.com/dnymlkh8e/image/upload/v1775208778/Hydrocoloeus_minutus_velwoj.png
Uria aalge,Common murre,Migrating,33591,https://res.cloudinary.com/dnymlkh8e/image/upload/v1775208957/Uria_aalge_koc0ff.png
Alcedo atthis,Common kingfisher,Migrating,79198,https://res.cloudinary.com/dnymlkh8e/image/upload/v1775208515/Alcedo_atthis_wr9mfq.png
Calidris ferruginea,Curlew sandpiper,Endangered,35286,https://res.cloudinary.com/dnymlkh8e/image/upload/v1775208657/Calidris_ferruginea_i8rkac.png
Saxicola rubicola,European stonechat,Common,55335,https://res.cloudinary.com/dnymlkh8e/image/upload/v1775208913/Saxicola_rubicola_kczjw9.png
Chroicocephalus ridibundus,Black-headed gull,Migrating,381955,https://res.cloudinary.com/dnymlkh8e/image/upload/v1775208695/Chroicocephalus_ridibundus_xmhsrs.png
Pluvialis apricaria,European golden plover,Common,147389,https://res.cloudinary.com/dnymlkh8e/image/upload/v1775208891/Pluvialis_apricaria_kgp8mn.png
Circus cyaneus,Hen harrier,Migrating,173869,https://res.cloudinary.com/dnymlkh8e/image/upload/v1775208701/Circus_cyaneus_smkng8.png
Dendrocopos major,Great spotted woodpecker,Common,289546,https://res.cloudinary.com/dnymlkh8e/image/upload/v1775208724/Dendrocopos_major_vptqgv.png
Parus major,Unknown,Unknown,444794,https://res.cloudinary.com/dnymlkh8e/image/upload/v1775208861/Parus_major_ka81xa.png
Gallinago gallinago,Common snipe,Common,147524,https://res.cloudinary.com/dnymlkh8e/image/upload/v1775208755/Gallinago_gallinago_av6zjb.png
Acanthis flammea,Redpoll,Common,47172,https://res.cloudinary.com/dnymlkh8e/image/upload/v1775208504/Acanthis_flammea_yw5l4a.png
Tachybaptus ruficollis,Little grebe,Common,158751,https://res.cloudinary.com/dnymlkh8e/image/upload/v1775208939/Tachybaptus_ruficollis_gc9bim.png
Luscinia luscinia,Common nightingale,Common,60988,https://res.cloudinary.com/dnymlkh8e/image/upload/v1775208826/Luscinia_luscinia_x3zqjq.png
Buteo lagopus,Rough-legged buzzard,Migrating,85210,https://res.cloudinary.com/dnymlkh8e/image/upload/v1775208632/Buteo_lagopus_w8zbuo.png
Calidris pugnax,Ruff (bird),Migrating,97132,https://res.cloudinary.com/dnymlkh8e/image/upload/v1775208673/Calidris_pugnax_ydt3st.png
Spatula clypeata,Northern shoveler,Migrating,162112,https://res.cloudinary.com/dnymlkh8e/image/upload/v1775208920/Spatula_clypeata_kzy9zl.png
Tringa ochropus,Green sandpiper,Common,76164,https://res.cloudinary.com/dnymlkh8e/image/upload/v1775208948/Tringa_ochropus_zuawou.png
Cuculus canorus,Common cuckoo,Common,127717,https://res.cloudinary.com/dnymlkh8e/image/upload/v1775208714/Cuculus_canorus_egnybj.png
Fringilla montifringilla,Brambling,Migrating,93020,https://res.cloudinary.com/dnymlkh8e/image/upload/v1775208752/Fringilla_montifringilla_ggphib.png
Branta leucopsis,Barnacle goose,Common,256864,https://res.cloudinary.com/dnymlkh8e/image/upload/v1775208619/Branta_leucopsis_vwkwlo.png
Regulus ignicapilla,Common firecrest,Migrating,16372,https://res.cloudinary.com/dnymlkh8e/image/upload/v1775208908/Regulus_ignicapilla_fn220i.png
Prunella modularis,Dunnock,Exotic,163253,https://res.cloudinary.com/dnymlkh8e/image/upload/v1775208901/Prunella_modularis_gicwme.png
Fulmarus glacialis,Northern fulmar,Common,14932,https://res.cloudinary.com/dnymlkh8e/image/upload/v1775208754/Fulmarus_glacialis_sgavqb.png
Carduelis carduelis,European goldfinch,Exotic,200153,https://res.cloudinary.com/dnymlkh8e/image/upload/v1775208679/Carduelis_carduelis_ntiqgw.png
Fringilla coelebs,Eurasian chaffinch,Common,418333,https://res.cloudinary.com/dnymlkh8e/image/upload/v1775208752/Fringilla_coelebs_ou8pqh.png
Anas acuta,Northern pintail,Endangered,101363,https://res.cloudinary.com/dnymlkh8e/image/upload/v1775208518/Anas_acuta_bqkapy.png
Regulus regulus,Goldcrest,Common,133200,https://res.cloudinary.com/dnymlkh8e/image/upload/v1775208909/Regulus_regulus_qhr7fp.png
Falco peregrinus,Peregrine falcon,Endangered,115222,https://res.cloudinary.com/dnymlkh8e/image/upload/v1775208744/Falco_peregrinus_fuywr6.png
Calidris maritima,Purple sandpiper,Common,16570,https://res.cloudinary.com/dnymlkh8e/image/upload/v1775208671/Calidris_maritima_wtsotg.png
Anthus spinoletta,Water pipit,Common,9474,https://res.cloudinary.com/dnymlkh8e/image/upload/v1775208578/Anthus_spinoletta_gs5zym.png
Aythya marila,Greater scaup,Migrating,35125,https://res.cloudinary.com/dnymlkh8e/image/upload/v1775208606/Aythya_marila_jslbct.png
Corvus corax,Common raven,Common,247830,https://res.cloudinary.com/dnymlkh8e/image/upload/v1775208710/Corvus_corax_bostjl.png
Turdus pilaris,Fieldfare,Migrating,207773,https://res.cloudinary.com/dnymlkh8e/image/upload/v1775208954/Turdus_pilaris_nymt0o.png
Corvus frugilegus,Rook (bird),Common,210578,https://res.cloudinary.com/dnymlkh8e/image/upload/v1775208712/Corvus_frugilegus_qgeheq.png
Rallus aquaticus,Water rail,Endangered,95523,https://res.cloudinary.com/dnymlkh8e/image/upload/v1775208907/Rallus_aquaticus_najnwu.png
Erithacus rubecula,European robin,Migrating,300008,https://res.cloudinary.com/dnymlkh8e/image/upload/v1775208739/Erithacus_rubecula_qxlfhw.png
Spatula querquedula,Garganey,Migrating,39997,https://res.cloudinary.com/dnymlkh8e/image/upload/v1775208922/Spatula_querquedula_bzk8ar.png
Actitis hypoleucos,Common sandpiper,Common,109180,https://res.cloudinary.com/dnymlkh8e/image/upload/v1775208508/Actitis_hypoleucos_ln3kk0.png
Tringa nebularia,Common greenshank,Common,146468,https://res.cloudinary.com/dnymlkh8e/image/upload/v1775208947/Tringa_nebularia_ocljav.png
Panurus biarmicus,Bearded reedling,Common,68714,https://res.cloudinary.com/dnymlkh8e/image/upload/v1775208860/Panurus_biarmicus_ynffg8.png
Arenaria interpres,Ruddy turnstone,Migrating,44589,https://res.cloudinary.com/dnymlkh8e/image/upload/v1775208594/Arenaria_interpres_qvmw0f.png
Passer montanus,Eurasian tree sparrow,Endangered,173152,https://res.cloudinary.com/dnymlkh8e/image/upload/v1775208864/Passer_montanus_hzegns.png
Anthus trivialis,Tree pipit,Common,77210,https://res.cloudinary.com/dnymlkh8e/image/upload/v1775208579/Anthus_trivialis_pxen8k.png
Crex crex,Unknown,Unknown,4819,https://res.cloudinary.com/dnymlkh8e/image/upload/v1775208713/Crex_crex_rmnhhh.png
Tringa glareola,Wood sandpiper,Common,78384,https://res.cloudinary.com/dnymlkh8e/image/upload/v1775208946/Tringa_glareola_hjenl5.png
Rissa tridactyla,Black-legged kittiwake,Common,39710,https://res.cloudinary.com/dnymlkh8e/image/upload/v1775208911/Rissa_tridactyla_lmhq0i.png
Aquila chrysaetos,Golden eagle,Common,16484,https://res.cloudinary.com/dnymlkh8e/image/upload/v1775208583/Aquila_chrysaetos_zbyevm.png
Emberiza citrinella,Yellowhammer,Exotic,267544,https://res.cloudinary.com/dnymlkh8e/image/upload/v1775208733/Emberiza_citrinella_vuky1z.png
Tringa erythropus,Spotted redshank,Migrating,56170,https://res.cloudinary.com/dnymlkh8e/image/upload/v1775208945/Tringa_erythropus_sypeth.png
Podiceps grisegena,Red-necked grebe,Migrating,120206,https://res.cloudinary.com/dnymlkh8e/image/upload/v1775208894/Podiceps_grisegena_ldgdvv.png
Melanitta fusca,Velvet scoter,Common,69127,https://res.cloudinary.com/dnymlkh8e/image/upload/v1775208833/Melanitta_fusca_tea4xb.png
Delichon urbicum,Western house martin,Endangered,142793,https://res.cloudinary.com/dnymlkh8e/image/upload/v1775208723/Delichon_urbicum_bzbqb2.png
Linaria flavirostris,Twite,Migrating,45007,https://res.cloudinary.com/dnymlkh8e/image/upload/v1775208813/Linaria_flavirostris_cbjfxh.png
Larus fuscus,Lesser black-backed gull,Migrating,55408,https://res.cloudinary.com/dnymlkh8e/image/upload/v1775208792/Larus_fuscus_slitub.png
Stercorarius skua,Great skua,Common,11803,https://res.cloudinary.com/dnymlkh8e/image/upload/v1775208925/Stercorarius_skua_pnumgb.png
Cepphus grylle,Black guillemot,Common,25637,https://res.cloudinary.com/dnymlkh8e/image/upload/v1775208684/Cepphus_grylle_wkmato.png
Larus cachinnans,Caspian gull,Common,23740,https://res.cloudinary.com/dnymlkh8e/image/upload/v1775208790/Larus_cachinnans_bywtib.png
Passer domesticus,House sparrow,Common,111255,https://res.cloudinary.com/dnymlkh8e/image/upload/v1775208862/Passer_domesticus_qeznah.png
Lymnocryptes minimus,Jack snipe,Common,8255,https://res.cloudinary.com/dnymlkh8e/image/upload/v1775208827/Lymnocryptes_minimus_vkw5cy.png
Lophophanes cristatus,Crested tit,Common,39745,https://res.cloudinary.com/dnymlkh8e/image/upload/v1775208822/Lophophanes_cristatus_eozpg1.png
Gallinula chloropus,Common moorhen,Common,117841,https://res.cloudinary.com/dnymlkh8e/image/upload/v1775208757/Gallinula_chloropus_dffths.png
Limosa limosa,Black-tailed godwit,Endangered,26366,https://res.cloudinary.com/dnymlkh8e/image/upload/v1775208812/Limosa_limosa_dfnpwo.png
Calidris canutus,Red knot,Common,63688,https://res.cloudinary.com/dnymlkh8e/image/upload/v1775208656/Calidris_canutus_wb0hon.png
Hippolais icterina,Icterine warbler,Migrating,56172,https://res.cloudinary.com/dnymlkh8e/image/upload/v1775208774/Hippolais_icterina_nvun33.png
Riparia riparia,Sand martin,Migrating,86358,https://res.cloudinary.com/dnymlkh8e/image/upload/v1775208911/Riparia_riparia_its1tw.png
Gavia arctica,Black-throated loon,Migrating,33629,https://res.cloudinary.com/dnymlkh8e/image/upload/v1775208759/Gavia_arctica_remw99.png
Perdix perdix,Grey partridge,Common,45790,https://res.cloudinary.com/dnymlkh8e/image/upload/v1775208868/Perdix_perdix_i238bw.png
Falco subbuteo,Eurasian hobby,Common,43798,https://res.cloudinary.com/dnymlkh8e/image/upload/v1775208745/Falco_subbuteo_kukwvy.png
Cygnus columbianus,Tundra swan,Common,28872,https://res.cloudinary.com/dnymlkh8e/image/upload/v1775208719/Cygnus_columbianus_edzrrk.png
Lullula arborea,Woodlark,Migrating,35064,https://res.cloudinary.com/dnymlkh8e/image/upload/v1775208825/Lullula_arborea_fj95zr.png
Phylloscopus inornatus,Yellow-browed warbler,Migrating,5793,https://res.cloudinary.com/dnymlkh8e/image/upload/v1775208881/Phylloscopus_inornatus_plsshh.png
Anser brachyrhynchus,Pink-footed goose,Migrating,52868,https://res.cloudinary.com/dnymlkh8e/image/upload/v1775208533/Anser_brachyrhynchus_yhndfx.png
Aythya nyroca,Ferruginous duck,Common,2278,https://res.cloudinary.com/dnymlkh8e/image/upload/v1775208607/Aythya_nyroca_nlbrfb.png
Stercorarius parasiticus,Parasitic jaeger,Migrating,35900,https://res.cloudinary.com/dnymlkh8e/image/upload/v1775208924/Stercorarius_parasiticus_m6hk61.png
Hydroprogne caspia,Caspian tern,Common,32005,https://res.cloudinary.com/dnymlkh8e/image/upload/v1775208778/Hydroprogne_caspia_chfyoj.png
Podiceps cristatus,Great crested grebe,Common,245713,https://res.cloudinary.com/dnymlkh8e/image/upload/v1775208894/Podiceps_cristatus_jmoopy.png
Scolopax rusticola,Eurasian woodcock,Endangered,32273,https://res.cloudinary.com/dnymlkh8e/image/upload/v1775208914/Scolopax_rusticola_rlppkk.png
Turdus viscivorus,Mistle thrush,Common,83366,https://res.cloudinary.com/dnymlkh8e/image/upload/v1775208956/Turdus_viscivorus_wgysm3.png
Ichthyaetus melanocephalus,Mediterranean gull,Common,15939,https://res.cloudinary.com/dnymlkh8e/image/upload/v1775208780/Ichthyaetus_melanocephalus_mik2hn.png
Phylloscopus trochilus,Willow warbler,Migrating,173460,https://res.cloudinary.com/dnymlkh8e/image/upload/v1775208886/Phylloscopus_trochilus_byuwtb.png
Sterna paradisaea,Arctic tern,Migrating,51397,https://res.cloudinary.com/dnymlkh8e/image/upload/v1775208927/Sterna_paradisaea_lvwtfi.png
Calidris temminckii,Temminck's stint,Migrating,20640,https://res.cloudinary.com/dnymlkh8e/image/upload/v1775208676/Calidris_temminckii_n0d4ta.png
Locustella naevia,Common grasshopper warbler,Migrating,23494,https://res.cloudinary.com/dnymlkh8e/image/upload/v1775208821/Locustella_naevia_mmbvt2.png
Botaurus stellaris,Eurasian bittern,Endangered,49313,https://res.cloudinary.com/dnymlkh8e/image/upload/v1775208612/Botaurus_stellaris_vs9ub2.png
Sitta europaea,Eurasian nuthatch,Common,175328,https://res.cloudinary.com/dnymlkh8e/image/upload/v1775208918/Sitta_europaea_fdvyy9.png
Muscicapa striata,Spotted flycatcher,Migrating,37601,https://res.cloudinary.com/dnymlkh8e/image/upload/v1775208846/Muscicapa_striata_wfybd6.png
Oenanthe oenanthe,Northern wheatear,Migrating,81035,https://res.cloudinary.com/dnymlkh8e/image/upload/v1775208855/Oenanthe_oenanthe_bndwfz.png
Anser rossii,Ross's goose,Migrating,300,https://res.cloudinary.com/dnymlkh8e/image/upload/v1775208538/Anser_rossii_yqwodb.png
Charadrius alexandrinus,Kentish plover,Migrating,6019,https://res.cloudinary.com/dnymlkh8e/image/upload/v1775208686/Charadrius_alexandrinus_ixynr1.png
Cinclus cinclus,White-throated dipper,Common,29544,https://res.cloudinary.com/dnymlkh8e/image/upload/v1775208699/Cinclus_cinclus_t0cgdy.png
Motacilla cinerea,Grey wagtail,Common,61369,https://res.cloudinary.com/dnymlkh8e/image/upload/v1775208843/Motacilla_cinerea_zsa7uc.png
Asio flammeus,Short-eared owl,Common,21410,https://res.cloudinary.com/dnymlkh8e/image/upload/v1775208596/Asio_flammeus_omei2r.png
Chlidonias niger,Black tern,Common,19820,https://res.cloudinary.com/dnymlkh8e/image/upload/v1775208692/Chlidonias_niger_g5cv4f.png
Picus viridis,European green woodpecker,Common,45802,https://res.cloudinary.com/dnymlkh8e/image/upload/v1775208888/Picus_viridis_xwdwgm.png
Columba oenas,Stock dove,Migrating,86658,https://res.cloudinary.com/dnymlkh8e/image/upload/v1775208707/Columba_oenas_efoxvb.png
Himantopus himantopus,Black-winged stilt,Common,4512,https://res.cloudinary.com/dnymlkh8e/image/upload/v1775208773/Himantopus_himantopus_bnxeqi.png
Acrocephalus scirpaceus,Common reed warbler,Migrating,98984,https://res.cloudinary.com/dnymlkh8e/image/upload/v1775208508/Acrocephalus_scirpaceus_qm9xra.png
Luscinia svecica,Bluethroat,Migrating,9373,https://res.cloudinary.com/dnymlkh8e/image/upload/v1775208827/Luscinia_svecica_ddqsig.png
Plectrophenax nivalis,Snow bunting,Common,33675,https://res.cloudinary.com/dnymlkh8e/image/upload/v1775208889/Plectrophenax_nivalis_ll5sci.png
Alca torda,Razorbill,Extinct,44691,https://res.cloudinary.com/dnymlkh8e/image/upload/v1775208514/Alca_torda_uarnd8.png
Anthus petrosus,European rock pipit,Migrating,52045,https://res.cloudinary.com/dnymlkh8e/image/upload/v1775208576/Anthus_petrosus_sloybf.png
Alle alle,Unknown,Unknown,6472,https://res.cloudinary.com/dnymlkh8e/image/upload/v1775208517/Alle_alle_qt5wyv.png
Certhia familiaris,Eurasian treecreeper,Endangered,69164,https://res.cloudinary.com/dnymlkh8e/image/upload/v1775208685/Certhia_familiaris_mzlvwy.png
Clangula hyemalis,Long-tailed duck,Common,42411,https://res.cloudinary.com/dnymlkh8e/image/upload/v1775208705/Clangula_hyemalis_dkokjp.png
Apus pallidus,Pallid swift,Common,474,https://res.cloudinary.com/dnymlkh8e/image/upload/v1775208582/Apus_pallidus_vk5dsi.png
Pandion haliaetus,Osprey,Common,101772,https://res.cloudinary.com/dnymlkh8e/image/upload/v1775208860/Pandion_haliaetus_s22z0i.png
Turdus iliacus,Redwing,Common,97353,https://res.cloudinary.com/dnymlkh8e/image/upload/v1775208952/Turdus_iliacus_ehvi9l.png
Asio otus,Unknown,Unknown,18352,https://res.cloudinary.com/dnymlkh8e/image/upload/v1775208598/Asio_otus_r3mdid.png
Anser fabalis,Taiga bean goose,Migrating,11742,https://res.cloudinary.com/dnymlkh8e/image/upload/v1775208537/Anser_fabalis_choejb.png
Coturnix coturnix,Common quail,Migrating,17321,https://res.cloudinary.com/dnymlkh8e/image/upload/v1775208713/Coturnix_coturnix_azfyje.png
Phylloscopus sibillatrix,Wood warbler,Migrating,23546,https://res.cloudinary.com/dnymlkh8e/image/upload/v1775208885/Phylloscopus_sibillatrix_dzyzqv.png
Calidris minuta,Little stint,Common,25170,https://res.cloudinary.com/dnymlkh8e/image/upload/v1775208672/Calidris_minuta_wx8j9y.png
Limosa lapponica,Bar-tailed godwit,Migrating,76525,https://res.cloudinary.com/dnymlkh8e/image/upload/v1775208811/Limosa_lapponica_z5wexb.png
Streptopelia orientalis,Oriental turtle dove,Common,116,https://res.cloudinary.com/dnymlkh8e/image/upload/v1775208929/Streptopelia_orientalis_fe7d9r.png
Egretta garzetta,Little egret,Extinct,6234,https://res.cloudinary.com/dnymlkh8e/image/upload/v1775208726/Egretta_garzetta_dbaljk.png
Cygnus atratus,Black swan,Exotic,2890,https://res.cloudinary.com/dnymlkh8e/image/upload/v1775208719/Cygnus_atratus_cw2puh.png
Carpodacus erythrinus,Common rosefinch,Common,12000,https://res.cloudinary.com/dnymlkh8e/image/upload/v1775208679/Carpodacus_erythrinus_eynisy.png
Lanius excubitor,Great grey shrike,Common,45771,https://res.cloudinary.com/dnymlkh8e/image/upload/v1775208785/Lanius_excubitor_swjlpl.png
Milvus migrans,Black kite,Migrating,18844,https://res.cloudinary.com/dnymlkh8e/image/upload/v1775208840/Milvus_migrans_ochpgh.png
Caprimulgus europaeus,European nightjar,Migrating,9936,https://res.cloudinary.com/dnymlkh8e/image/upload/v1775208678/Caprimulgus_europaeus_ndmjom.png
Netta rufina,Red-crested pochard,Migrating,8524,https://res.cloudinary.com/dnymlkh8e/image/upload/v1775208847/Netta_rufina_qgoyix.png
Ciconia ciconia,White stork,Common,19258,https://res.cloudinary.com/dnymlkh8e/image/upload/v1775208697/Ciconia_ciconia_zdezva.png
Saxicola rubetra,Whinchat,Migrating,50592,https://res.cloudinary.com/dnymlkh8e/image/upload/v1775208913/Saxicola_rubetra_zaqtuw.png
Dryobates minor,Lesser spotted woodpecker,Common,10440,https://res.cloudinary.com/dnymlkh8e/image/upload/v1775208725/Dryobates_minor_dzw3ew.png
Bombycilla garrulus,Bohemian waxwing,Common,58643,https://res.cloudinary.com/dnymlkh8e/image/upload/v1775208610/Bombycilla_garrulus_obfgcx.png
Calidris melanotos,Pectoral sandpiper,Migrating,1365,https://res.cloudinary.com/dnymlkh8e/image/upload/v1775208672/Calidris_melanotos_e2u4hm.png
Branta bernicla,Brant (goose),Common,21816,https://res.cloudinary.com/dnymlkh8e/image/upload/v1775208615/Branta_bernicla_z0jpe0.png
Podiceps nigricollis,Black-necked grebe,Migrating,25528,https://res.cloudinary.com/dnymlkh8e/image/upload/v1775208895/Podiceps_nigricollis_j3klna.png
Aythya collaris,Ring-necked duck,Common,3095,https://res.cloudinary.com/dnymlkh8e/image/upload/v1775208601/Aythya_collaris_stidpu.png
Gavia immer,Common loon,Endangered,7100,https://res.cloudinary.com/dnymlkh8e/image/upload/v1775208759/Gavia_immer_bvblfo.png
Turdus torquatus,Ring ouzel,Migrating,25185,https://res.cloudinary.com/dnymlkh8e/image/upload/v1775208955/Turdus_torquatus_zt5qle.png
Loxia pytyopsittacus,Parrot crossbill,Common,8131,https://res.cloudinary.com/dnymlkh8e/image/upload/v1775208824/Loxia_pytyopsittacus_xjiuph.png
Eremophila alpestris,Horned lark,Common,16127,https://res.cloudinary.com/dnymlkh8e/image/upload/v1775208738/Eremophila_alpestris_cq2pyq.png
Acrocephalus dumetorum,Blyth's reed warbler,Common,1901,https://res.cloudinary.com/dnymlkh8e/image/upload/v1775208506/Acrocephalus_dumetorum_fihg6j.png
Dryocopus martius,Black woodpecker,Migrating,32981,https://res.cloudinary.com/dnymlkh8e/image/upload/v1775208725/Dryocopus_martius_tpbowk.png
Oenanthe hispanica,Western black-eared wheatear,Migrating,391,https://res.cloudinary.com/dnymlkh8e/image/upload/v1775208852/Oenanthe_hispanica_rah2bp.png
Melanitta americana,Black scoter,Endangered,2549,https://res.cloudinary.com/dnymlkh8e/image/upload/v1775208832/Melanitta_americana_o1rvcq.png
Phoenicurus ochruros,Black redstart,Common,44665,https://res.cloudinary.com/dnymlkh8e/image/upload/v1775208875/Phoenicurus_ochruros_ohvocm.png
Jynx torquilla,Eurasian wryneck,Migrating,9104,https://res.cloudinary.com/dnymlkh8e/image/upload/v1775208783/Jynx_torquilla_htds9d.png
Locustella fluviatilis,River warbler,Migrating,1726,https://res.cloudinary.com/dnymlkh8e/image/upload/v1775208819/Locustella_fluviatilis_qfkppp.png
Oriolus oriolus,Eurasian golden oriole,Common,4448,https://res.cloudinary.com/dnymlkh8e/image/upload/v1775208856/Oriolus_oriolus_mafdbd.png
Glareola maldivarum,Oriental pratincole,Common,153,https://res.cloudinary.com/dnymlkh8e/image/upload/v1775208763/Glareola_maldivarum_on5may.png
Anser serrirostris,Tundra bean goose,Migrating,9406,https://res.cloudinary.com/dnymlkh8e/image/upload/v1775208539/Anser_serrirostris_xqrtll.png
Porzana pusilla,Baillon's crake,Common,601,https://res.cloudinary.com/dnymlkh8e/image/upload/v1775208899/Porzana_pusilla_n3ezw6.png
Ficedula parva,Red-breasted flycatcher,Migrating,4920,https://res.cloudinary.com/dnymlkh8e/image/upload/v1775208750/Ficedula_parva_nw3clw.png
Aquila nipalensis,Steppe eagle,Endangered,1957,https://res.cloudinary.com/dnymlkh8e/image/upload/v1775208586/Aquila_nipalensis_rbqwvz.png
Remiz pendulinus,Eurasian penduline tit,Migrating,2767,https://res.cloudinary.com/dnymlkh8e/image/upload/v1775208909/Remiz_pendulinus_lvvp5a.png
Pastor roseus,Rosy starling,Common,963,https://res.cloudinary.com/dnymlkh8e/image/upload/v1775208864/Pastor_roseus_tjq6lh.png
Somateria spectabilis,King eider,Common,2033,https://res.cloudinary.com/dnymlkh8e/image/upload/v1775208919/Somateria_spectabilis_gvnrjx.png
Nucifraga caryocatactes,Northern nutcracker,Common,2627,https://res.cloudinary.com/dnymlkh8e/image/upload/v1775208847/Nucifraga_caryocatactes_j7vec6.png
Phylloscopus proregulus,Pallas's leaf warbler,Migrating,1221,https://res.cloudinary.com/dnymlkh8e/image/upload/v1775208883/Phylloscopus_proregulus_fn1dzi.png
Circus pygargus,Montagu's harrier,Migrating,19325,https://res.cloudinary.com/dnymlkh8e/image/upload/v1775208702/Circus_pygargus_jzrx9z.png
Stercorarius longicaudus,Long-tailed jaeger,Common,1805,https://res.cloudinary.com/dnymlkh8e/image/upload/v1775208923/Stercorarius_longicaudus_uiifiv.png
Larus michahellis,Yellow-legged gull,Common,1872,https://res.cloudinary.com/dnymlkh8e/image/upload/v1775208795/Larus_michahellis_gpzfvf.png
Podiceps auritus,Horned grebe,Endangered,10438,https://res.cloudinary.com/dnymlkh8e/image/upload/v1775208893/Podiceps_auritus_dzgdhu.png
Phylloscopus humei,Hume's leaf warbler,Migrating,821,https://res.cloudinary.com/dnymlkh8e/image/upload/v1775208879/Phylloscopus_humei_pgasov.png
Alopochen aegyptiaca,Egyptian goose,Exotic,15989,https://res.cloudinary.com/dnymlkh8e/image/upload/v1775208518/Alopochen_aegyptiaca_ec8gik.png
Charadrius morinellus,Eurasian dotterel,Migrating,6625,https://res.cloudinary.com/dnymlkh8e/image/upload/v1775208690/Charadrius_morinellus_wabygi.png
Oxyura leucocephala,White-headed duck,Endangered,612,https://res.cloudinary.com/dnymlkh8e/image/upload/v1775208858/Oxyura_leucocephala_oomcra.png
Aix galericulata,Mandarin duck,Exotic,2991,https://res.cloudinary.com/dnymlkh8e/image/upload/v1775208512/Aix_galericulata_gccm6p.png
Anthus cervinus,Red-throated pipit,Common,1202,https://res.cloudinary.com/dnymlkh8e/image/upload/v1775208552/Anthus_cervinus_tqztup.png
Ciconia nigra,Black stork,Endangered,1915,https://res.cloudinary.com/dnymlkh8e/image/upload/v1775208698/Ciconia_nigra_klyhry.png
Acrocephalus arundinaceus,Great reed warbler,Migrating,5360,https://res.cloudinary.com/dnymlkh8e/image/upload/v1775208505/Acrocephalus_arundinaceus_mthhex.png
Poecile montanus,Willow tit,Common,6340,https://res.cloudinary.com/dnymlkh8e/image/upload/v1775208896/Poecile_montanus_hrhvud.png
Falco rusticolus,Gyrfalcon,Common,1610,https://res.cloudinary.com/dnymlkh8e/image/upload/v1775208744/Falco_rusticolus_p9zdug.png
Anthus richardi,Richard's pipit,Common,1103,https://res.cloudinary.com/dnymlkh8e/image/upload/v1775208577/Anthus_richardi_btfmaf.png
Corvus corone,Carrion crow,Common,15727,https://res.cloudinary.com/dnymlkh8e/image/upload/v1775208711/Corvus_corone_h05ves.png
Larus hyperboreus,Glaucous gull,Common,3818,https://res.cloudinary.com/dnymlkh8e/image/upload/v1775208793/Larus_hyperboreus_t0alcr.png
Gavia adamsii,Yellow-billed loon,Common,1075,https://res.cloudinary.com/dnymlkh8e/image/upload/v1775208758/Gavia_adamsii_ivar3z.png
Falco vespertinus,Red-footed falcon,Migrating,5856,https://res.cloudinary.com/dnymlkh8e/image/upload/v1775208747/Falco_vespertinus_pq5hoj.png
Pluvialis dominica,American golden plover,Common,488,https://res.cloudinary.com/dnymlkh8e/image/upload/v1775208891/Pluvialis_dominica_mcmisy.png
Anser caerulescens,Snow goose,Common,2037,https://res.cloudinary.com/dnymlkh8e/image/upload/v1775208534/Anser_caerulescens_ihsz9l.png
Phalaropus tricolor,Wilson's phalarope,Migrating,208,https://res.cloudinary.com/dnymlkh8e/image/upload/v1775208872/Phalaropus_tricolor_bixur0.png
Bubo bubo,Eurasian eagle-owl,Common,3409,https://res.cloudinary.com/dnymlkh8e/image/upload/v1775208621/Bubo_bubo_loescs.png
Plegadis falcinellus,Glossy ibis,Common,1892,https://res.cloudinary.com/dnymlkh8e/image/upload/v1775208890/Plegadis_falcinellus_jkfrtn.png
Dendrocoptes medius,Middle spotted woodpecker,Common,1528,https://res.cloudinary.com/dnymlkh8e/image/upload/v1775208724/Dendrocoptes_medius_ckvtux.png
Calcarius lapponicus,Lapland longspur,Common,6553,https://res.cloudinary.com/dnymlkh8e/image/upload/v1775208644/Calcarius_lapponicus_whxbst.png
Circus macrourus,Pallid harrier,Common,7881,https://res.cloudinary.com/dnymlkh8e/image/upload/v1775208701/Circus_macrourus_p6dgmk.png
Sylvia nisoria,Barred warbler,Migrating,1158,https://res.cloudinary.com/dnymlkh8e/image/upload/v1775208937/Sylvia_nisoria_wxsvaf.png
Gyps fulvus,Eurasian griffon vulture,Common,1129,https://res.cloudinary.com/dnymlkh8e/image/upload/v1775208769/Gyps_fulvus_oo7iwn.png
Falco naumanni,Lesser kestrel,Common,85,https://res.cloudinary.com/dnymlkh8e/image/upload/v1775208742/Falco_naumanni_zdw519.png
Calidris subruficollis,Buff-breasted sandpiper,Common,628,https://res.cloudinary.com/dnymlkh8e/image/upload/v1775208675/Calidris_subruficollis_yp8iv2.png
Merops apiaster,European bee-eater,Migrating,1663,https://res.cloudinary.com/dnymlkh8e/image/upload/v1775208838/Merops_apiaster_yct2iz.png
Tringa melanoleuca,Greater yellowlegs,Common,120,https://res.cloudinary.com/dnymlkh8e/image/upload/v1775208946/Tringa_melanoleuca_ylk6kw.png
Falco sparverius,American kestrel,Common,160,https://res.cloudinary.com/dnymlkh8e/image/upload/v1775208745/Falco_sparverius_keaq60.png
Melanitta perspicillata,Surf scoter,Common,2235,https://res.cloudinary.com/dnymlkh8e/image/upload/v1775208834/Melanitta_perspicillata_uvvjd3.png
Phalaropus fulicarius,Red phalarope,Migrating,2314,https://res.cloudinary.com/dnymlkh8e/image/upload/v1775208871/Phalaropus_fulicarius_hup6ik.png
Microcarbo pygmaeus,Pygmy cormorant,Migrating,653,https://res.cloudinary.com/dnymlkh8e/image/upload/v1775208839/Microcarbo_pygmaeus_s5rzi3.png
Aegolius funereus,Boreal owl,Common,663,https://res.cloudinary.com/dnymlkh8e/image/upload/v1775208511/Aegolius_funereus_jqy5d4.png
Oxyura jamaicensis,Ruddy duck,Exotic,1463,https://res.cloudinary.com/dnymlkh8e/image/upload/v1775208858/Oxyura_jamaicensis_kzkwfe.png
Tadorna ferruginea,Ruddy shelduck,Migrating,1856,https://res.cloudinary.com/dnymlkh8e/image/upload/v1775208940/Tadorna_ferruginea_tchdoh.png
Calidris falcinellus,Broad-billed sandpiper,Common,6099,https://res.cloudinary.com/dnymlkh8e/image/upload/v1775208657/Calidris_falcinellus_gtydld.png
Serinus serinus,European serin,Common,4763,https://res.cloudinary.com/dnymlkh8e/image/upload/v1775208915/Serinus_serinus_mtluyz.png
Saxicola maurus,Siberian stonechat,Common,295,https://res.cloudinary.com/dnymlkh8e/image/upload/v1775208912/Saxicola_maurus_jsdbau.png
Calidris bairdii,Baird's sandpiper,Common,412,https://res.cloudinary.com/dnymlkh8e/image/upload/v1775208656/Calidris_bairdii_d5am4p.png
Pinicola enucleator,Pine grosbeak,Common,1122,https://res.cloudinary.com/dnymlkh8e/image/upload/v1775208888/Pinicola_enucleator_tadyra.png
Oceanodroma leucorhoa,Leach's storm petrel,Common,1376,https://res.cloudinary.com/dnymlkh8e/image/upload/v1775208851/Oceanodroma_leucorhoa_zbdloc.png
Curruca subalpina,Moltoni's warbler,Common,31,https://res.cloudinary.com/dnymlkh8e/image/upload/v1775208717/Curruca_subalpina_vlekxb.png
Cairina moschata,Muscovy duck,Common,2247,https://res.cloudinary.com/dnymlkh8e/image/upload/v1775208634/Cairina_moschata_zwvpas.png
Curruca cantillans,Eastern subalpine warbler,Common,149,https://res.cloudinary.com/dnymlkh8e/image/upload/v1775208714/Curruca_cantillans_ohoazi.png
Anser indicus,Bar-headed goose,Common,3145,https://res.cloudinary.com/dnymlkh8e/image/upload/v1775208537/Anser_indicus_psncxt.png
Locustella luscinioides,Savi's warbler,Migrating,3324,https://res.cloudinary.com/dnymlkh8e/image/upload/v1775208821/Locustella_luscinioides_gx2y1d.png
Aquila pomarina,Lesser spotted eagle,Common,1661,https://res.cloudinary.com/dnymlkh8e/image/upload/v1775208587/Aquila_pomarina_l1fzh8.png
Phylloscopus fuscatus,Dusky warbler,Migrating,768,https://res.cloudinary.com/dnymlkh8e/image/upload/v1775208879/Phylloscopus_fuscatus_ae9mih.png
Aquila fasciata,Bonelli's eagle,Extinct,364,https://res.cloudinary.com/dnymlkh8e/image/upload/v1775208585/Aquila_fasciata_r2ijpw.png
Bubulcus ibis,Western cattle egret,Migrating,1914,https://res.cloudinary.com/dnymlkh8e/image/upload/v1775208624/Bubulcus_ibis_zhtt5h.png
Burhinus oedicnemus,Eurasian stone-curlew,Common,627,https://res.cloudinary.com/dnymlkh8e/image/upload/v1775208631/Burhinus_oedicnemus_vn02mm.png
Falco cherrug,Saker falcon,Migrating,305,https://res.cloudinary.com/dnymlkh8e/image/upload/v1775208740/Falco_cherrug_ngyl68.png
Glareola pratincola,Collared pratincole,Common,479,https://res.cloudinary.com/dnymlkh8e/image/upload/v1775208765/Glareola_pratincola_uue9es.png
Chlidonias leucopterus,White-winged tern,Common,2250,https://res.cloudinary.com/dnymlkh8e/image/upload/v1775208691/Chlidonias_leucopterus_kdkklo.png
Puffinus griseus,Sooty shearwater,Common,4333,https://res.cloudinary.com/dnymlkh8e/image/upload/v1775208905/Puffinus_griseus_hzswxm.png
Fratercula arctica,Atlantic puffin,Endangered,962,https://res.cloudinary.com/dnymlkh8e/image/upload/v1775208751/Fratercula_arctica_qk4wia.png
Bucephala albeola,Bufflehead,Migrating,137,https://res.cloudinary.com/dnymlkh8e/image/upload/v1775208625/Bucephala_albeola_lcwifd.png
Larus glaucoides,Iceland gull,Common,2135,https://res.cloudinary.com/dnymlkh8e/image/upload/v1775208793/Larus_glaucoides_icbyli.png
Branta ruficollis,Red-breasted goose,Endangered,3386,https://res.cloudinary.com/dnymlkh8e/image/upload/v1775208620/Branta_ruficollis_kypjg8.png
Chlidonias hybrida,Whiskered tern,Common,753,https://res.cloudinary.com/dnymlkh8e/image/upload/v1775208690/Chlidonias_hybrida_s9rrr2.png
Surnia ulula,Northern hawk-owl,Migrating,3583,https://res.cloudinary.com/dnymlkh8e/image/upload/v1775208933/Surnia_ulula_zjwfuq.png
Mareca americana,American wigeon,Common,983,https://res.cloudinary.com/dnymlkh8e/image/upload/v1775208828/Mareca_americana_ngkqj2.png
Elanus caeruleus,Black-winged kite,Migrating,1702,https://res.cloudinary.com/dnymlkh8e/image/upload/v1775208727/Elanus_caeruleus_opet2o.png
Puffinus puffinus,Unknown,Unknown,1063,https://res.cloudinary.com/dnymlkh8e/image/upload/v1775208906/Puffinus_puffinus_hay092.png
Galerida cristata,Crested lark,Migrating,2758,https://res.cloudinary.com/dnymlkh8e/image/upload/v1775208754/Galerida_cristata_q4m3lw.png
Zonotrichia albicollis,White-throated sparrow,Common,387,https://res.cloudinary.com/dnymlkh8e/image/upload/v1775208964/Zonotrichia_albicollis_ekzemh.png
Upupa epops,Eurasian hoopoe,Migrating,2029,https://res.cloudinary.com/dnymlkh8e/image/upload/v1775208957/Upupa_epops_trxslk.png
Gavia pacifica,Pacific loon,Common,737,https://res.cloudinary.com/dnymlkh8e/image/upload/v1775208760/Gavia_pacifica_e1yvwx.png
Setophaga aestiva,Yellow warbler,Common,265,https://res.cloudinary.com/dnymlkh8e/image/upload/v1775208916/Setophaga_aestiva_e4dzbc.png
Lophodytes cucullatus,Hooded merganser,Common,891,https://res.cloudinary.com/dnymlkh8e/image/upload/v1775208822/Lophodytes_cucullatus_r5wc0a.png
Melanitta stejnegeri,Stejneger's scoter,Common,890,https://res.cloudinary.com/dnymlkh8e/image/upload/v1775208835/Melanitta_stejnegeri_fkfmk6.png
Phalacrocorax aristotelis,European shag,Common,2346,https://res.cloudinary.com/dnymlkh8e/image/upload/v1775208870/Phalacrocorax_aristotelis_zkkogo.png
Melopsittacus undulatus,Budgerigar,Common,239,https://res.cloudinary.com/dnymlkh8e/image/upload/v1775208836/Melopsittacus_undulatus_dkztbv.png
Stercorarius pomarinus,Pomarine jaeger,Common,2295,https://res.cloudinary.com/dnymlkh8e/image/upload/v1775208924/Stercorarius_pomarinus_xrwsd8.png
Xema sabini,Sabine's gull,Common,815,https://res.cloudinary.com/dnymlkh8e/image/upload/v1775208962/Xema_sabini_sblmvr.png
Turdus atrogularis,Black-throated thrush,Migrating,1396,https://res.cloudinary.com/dnymlkh8e/image/upload/v1775208950/Turdus_atrogularis_gnoind.png
Hieraaetus pennatus,Booted eagle,Migrating,399,https://res.cloudinary.com/dnymlkh8e/image/upload/v1775208773/Hieraaetus_pennatus_gzwe4e.png
Passerina cyanea,Indigo bunting,Migrating,295,https://res.cloudinary.com/dnymlkh8e/image/upload/v1775208863/Passerina_cyanea_zh1j4i.png
Grus canadensis,Sandhill crane,Common,900,https://res.cloudinary.com/dnymlkh8e/image/upload/v1775208766/Grus_canadensis_aqjmea.png
Phylloscopus schwarzi,Radde's warbler,Migrating,274,https://res.cloudinary.com/dnymlkh8e/image/upload/v1775208884/Phylloscopus_schwarzi_qvuims.png
Prunella montanella,Siberian accentor,Migrating,576,https://res.cloudinary.com/dnymlkh8e/image/upload/v1775208902/Prunella_montanella_cxi9eg.png
Luscinia megarhynchos,Common nightingale,Common,1365,https://res.cloudinary.com/dnymlkh8e/image/upload/v1775208826/Luscinia_megarhynchos_y9di29.png
Emberiza hortulana,Ortolan bunting,Common,724,https://res.cloudinary.com/dnymlkh8e/image/upload/v1775208734/Emberiza_hortulana_xkuz4x.png
Cisticola juncidis,Zitting cisticola,Common,156,https://res.cloudinary.com/dnymlkh8e/image/upload/v1775208702/Cisticola_juncidis_ao1fz3.png
Lanius senator,Woodchat shrike,Common,732,https://res.cloudinary.com/dnymlkh8e/image/upload/v1775208787/Lanius_senator_iqowfr.png
Motacilla tschutschensis,Eastern yellow wagtail,Migrating,51,https://res.cloudinary.com/dnymlkh8e/image/upload/v1775208845/Motacilla_tschutschensis_n3wrjc.png
Athene noctua,Little owl,Exotic,1420,https://res.cloudinary.com/dnymlkh8e/image/upload/v1775208598/Athene_noctua_zw2znl.png
Emberiza pusilla,Little bunting,Common,1014,https://res.cloudinary.com/dnymlkh8e/image/upload/v1775208736/Emberiza_pusilla_zhkjzz.png
Aythya affinis,Lesser scaup,Migrating,772,https://res.cloudinary.com/dnymlkh8e/image/upload/v1775208600/Aythya_affinis_ccpeaq.png
Nycticorax nycticorax,Black-crowned night heron,Common,834,https://res.cloudinary.com/dnymlkh8e/image/upload/v1775208850/Nycticorax_nycticorax_frvpmv.png
Phylloscopus bonelli,Western Bonelli's warbler,Migrating,585,https://res.cloudinary.com/dnymlkh8e/image/upload/v1775208876/Phylloscopus_bonelli_cg2wqj.png
Gypaetus barbatus,Bearded vulture,Endangered,108,https://res.cloudinary.com/dnymlkh8e/image/upload/v1775208768/Gypaetus_barbatus_m4sray.png
Anser erythropus,Lesser white-fronted goose,Common,946,https://res.cloudinary.com/dnymlkh8e/image/upload/v1775208536/Anser_erythropus_ozxep6.png
Aquila clanga,Greater spotted eagle,Endangered,1269,https://res.cloudinary.com/dnymlkh8e/image/upload/v1775208584/Aquila_clanga_rvmjcs.png
Psittacula krameri,Rose-ringed parakeet,Exotic,51,https://res.cloudinary.com/dnymlkh8e/image/upload/v1775208903/Psittacula_krameri_mvrzrk.png
Sula leucogaster,Brown booby,Common,128,https://res.cloudinary.com/dnymlkh8e/image/upload/v1775208932/Sula_leucogaster_uclape.png
Geronticus eremita,Northern bald ibis,Extinct,402,https://res.cloudinary.com/dnymlkh8e/image/upload/v1775208762/Geronticus_eremita_jwyjwa.png
Tringa flavipes,Lesser yellowlegs,Common,615,https://res.cloudinary.com/dnymlkh8e/image/upload/v1775208945/Tringa_flavipes_amys8f.png
Sibirionetta formosa,Baikal teal,Common,396,https://res.cloudinary.com/dnymlkh8e/image/upload/v1775208917/Sibirionetta_formosa_j3trak.png
Circaetus gallicus,Short-toed snake eagle,Common,1443,https://res.cloudinary.com/dnymlkh8e/image/upload/v1775208699/Circaetus_gallicus_wxguy7.png
Monticola saxatilis,Common rock thrush,Endangered,364,https://res.cloudinary.com/dnymlkh8e/image/upload/v1775208841/Monticola_saxatilis_whpu3c.png
Actitis macularius,Spotted sandpiper,Common,169,https://res.cloudinary.com/dnymlkh8e/image/upload/v1775208509/Actitis_macularius_mnl1th.png
Streptopelia turtur,European turtle dove,Endangered,1405,https://res.cloudinary.com/dnymlkh8e/image/upload/v1775208930/Streptopelia_turtur_z810xk.png
Phylloscopus trochiloides,Greenish warbler,Migrating,1909,https://res.cloudinary.com/dnymlkh8e/image/upload/v1775208885/Phylloscopus_trochiloides_krnv3g.png
Lanius minor,Lanius,Migrating,236,https://res.cloudinary.com/dnymlkh8e/image/upload/v1775208785/Lanius_minor_epesvl.png
Apus caffer,White-rumped swift,Common,84,https://res.cloudinary.com/dnymlkh8e/image/upload/v1775208580/Apus_caffer_wh7lyv.png
Gallinago media,Great snipe,Migrating,914,https://res.cloudinary.com/dnymlkh8e/image/upload/v1775208756/Gallinago_media_spnq8y.png
Melanocorypha bimaculata,Bimaculated lark,Common,117,https://res.cloudinary.com/dnymlkh8e/image/upload/v1775208835/Melanocorypha_bimaculata_bmauce.png
Turdus eunomus,Dusky thrush,Migrating,136,https://res.cloudinary.com/dnymlkh8e/image/upload/v1775208951/Turdus_eunomus_y09qmm.png
Phylloscopus plumbeitarsus,Two-barred warbler,Migrating,84,https://res.cloudinary.com/dnymlkh8e/image/upload/v1775208882/Phylloscopus_plumbeitarsus_iqeonz.png
Loxia leucoptera,Two-barred crossbill,Common,3305,https://res.cloudinary.com/dnymlkh8e/image/upload/v1775208824/Loxia_leucoptera_x4ciol.png
Serinus canaria,Atlantic canary,Common,167,https://res.cloudinary.com/dnymlkh8e/image/upload/v1775208915/Serinus_canaria_g1cika.png
Glareola nordmanni,Black-winged pratincole,Common,440,https://res.cloudinary.com/dnymlkh8e/image/upload/v1775208764/Glareola_nordmanni_trsdfv.png
Glaucidium passerinum,Eurasian pygmy owl,Common,1727,https://res.cloudinary.com/dnymlkh8e/image/upload/v1775208766/Glaucidium_passerinum_ctplcw.png
Branta hutchinsii,Cackling goose,Common,373,https://res.cloudinary.com/dnymlkh8e/image/upload/v1775208617/Branta_hutchinsii_djop1p.png
Nymphicus hollandicus,Cockatiel,Exotic,139,https://res.cloudinary.com/dnymlkh8e/image/upload/v1775208850/Nymphicus_hollandicus_e6ptbu.png
Pagophila eburnea,Ivory gull,Common,463,https://res.cloudinary.com/dnymlkh8e/image/upload/v1775208859/Pagophila_eburnea_y1wau8.png
Vanellus leucurus,White-tailed lapwing,Migrating,156,https://res.cloudinary.com/dnymlkh8e/image/upload/v1775208959/Vanellus_leucurus_godrzz.png
Emberiza chrysophrys,Emberiza,Common,92,https://res.cloudinary.com/dnymlkh8e/image/upload/v1775208730/Emberiza_chrysophrys_u9nehd.png
Tringa stagnatilis,Marsh sandpiper,Common,1152,https://res.cloudinary.com/dnymlkh8e/image/upload/v1775208949/Tringa_stagnatilis_c2rhjl.png
Curruca melanocephala,Sardinian warbler,Common,128,https://res.cloudinary.com/dnymlkh8e/image/upload/v1775208716/Curruca_melanocephala_x73wmm.png
Phylloscopus ibericus,Iberian chiffchaff,Common,267,https://res.cloudinary.com/dnymlkh8e/image/upload/v1775208880/Phylloscopus_ibericus_fc0knj.png
Lanius phoenicuroides,Lanius,Migrating,339,https://res.cloudinary.com/dnymlkh8e/image/upload/v1775208786/Lanius_phoenicuroides_alyhw8.png
Mareca sibilatrix,Chiloé wigeon,Common,22,https://res.cloudinary.com/dnymlkh8e/image/upload/v1775208830/Mareca_sibilatrix_q2gwif.png
Emberiza cirlus,Cirl bunting,Exotic,443,https://res.cloudinary.com/dnymlkh8e/image/upload/v1775208732/Emberiza_cirlus_wtfiov.png
Calandrella brachydactyla,Greater short-toed lark,Migrating,269,https://res.cloudinary.com/dnymlkh8e/image/upload/v1775208643/Calandrella_brachydactyla_gmhnbm.png
Iduna pallida,Eastern olivaceous warbler,Common,76,https://res.cloudinary.com/dnymlkh8e/image/upload/v1775208782/Iduna_pallida_iu1rpm.png
Motacilla citreola,Citrine wagtail,Common,644,https://res.cloudinary.com/dnymlkh8e/image/upload/v1775208844/Motacilla_citreola_r4fp8q.png
Gelochelidon nilotica,Gull-billed tern,Common,800,https://res.cloudinary.com/dnymlkh8e/image/upload/v1775208762/Gelochelidon_nilotica_ngc4kh.png
Cecropis semirufa,Red-breasted swallow,Common,196,https://res.cloudinary.com/dnymlkh8e/image/upload/v1775208683/Cecropis_semirufa_qbrp9n.png
Oenanthe pleschanka,Pied wheatear,Migrating,603,https://res.cloudinary.com/dnymlkh8e/image/upload/v1775208855/Oenanthe_pleschanka_de59nf.png
Prunella atrogularis,Black-throated accentor,Migrating,160,https://res.cloudinary.com/dnymlkh8e/image/upload/v1775208900/Prunella_atrogularis_isvnf2.png
Bubo scandiacus,Snowy owl,Migrating,527,https://res.cloudinary.com/dnymlkh8e/image/upload/v1775208622/Bubo_scandiacus_fytor2.png
Anthus hodgsoni,Olive-backed pipit,Common,254,https://res.cloudinary.com/dnymlkh8e/image/upload/v1775208575/Anthus_hodgsoni_tlmsqe.png
Buteo rufinus,Long-legged buzzard,Common,301,https://res.cloudinary.com/dnymlkh8e/image/upload/v1775208632/Buteo_rufinus_yqwy1j.png
Calidris himantopus,Stilt sandpiper,Common,193,https://res.cloudinary.com/dnymlkh8e/image/upload/v1775208670/Calidris_himantopus_hu0a1o.png
Polysticta stelleri,Steller's eider,Endangered,447,https://res.cloudinary.com/dnymlkh8e/image/upload/v1775208897/Polysticta_stelleri_ui50yu.png
Hydrobates pelagicus,European storm petrel,Exotic,261,https://res.cloudinary.com/dnymlkh8e/image/upload/v1775208777/Hydrobates_pelagicus_wab9x2.png
Bucanetes githagineus,Trumpeter finch,Common,70,https://res.cloudinary.com/dnymlkh8e/image/upload/v1775208624/Bucanetes_githagineus_e8sqn5.png
Ardeola ralloides,Squacco heron,Common,514,https://res.cloudinary.com/dnymlkh8e/image/upload/v1775208593/Ardeola_ralloides_vvtg7l.png
Emberiza leucocephalos,Emberiza,Common,132,https://res.cloudinary.com/dnymlkh8e/image/upload/v1775208734/Emberiza_leucocephalos_u4vgic.png
Aix sponsa,Wood duck,Migrating,465,https://res.cloudinary.com/dnymlkh8e/image/upload/v1775208513/Aix_sponsa_kst879.png
Anas rubripes,American black duck,Migrating,70,https://res.cloudinary.com/dnymlkh8e/image/upload/v1775208531/Anas_rubripes_lvb3mw.png
Emberiza rustica,Rustic bunting,Migrating,109,https://res.cloudinary.com/dnymlkh8e/image/upload/v1775208737/Emberiza_rustica_cquwr7.png
Xenus cinereus,Terek sandpiper,Migrating,643,https://res.cloudinary.com/dnymlkh8e/image/upload/v1775208962/Xenus_cinereus_xpwqy7.png
Larus delawarensis,Ring-billed gull,Common,156,https://res.cloudinary.com/dnymlkh8e/image/upload/v1775208791/Larus_delawarensis_tp4uww.png
Spatula discors,Blue-winged teal,Common,366,https://res.cloudinary.com/dnymlkh8e/image/upload/v1775208921/Spatula_discors_l7bbjt.png
Porzana parva,Little crake,Migrating,278,https://res.cloudinary.com/dnymlkh8e/image/upload/v1775208898/Porzana_parva_bdr0pr.png
Calidris fuscicollis,White-rumped sandpiper,Migrating,264,https://res.cloudinary.com/dnymlkh8e/image/upload/v1775208670/Calidris_fuscicollis_xzdor5.png
Tarsiger cyanurus,Red-flanked bluetail,Migrating,358,https://res.cloudinary.com/dnymlkh8e/image/upload/v1775208941/Tarsiger_cyanurus_azaqat.png
Ichthyaetus audouinii,Audouin's gull,Migrating,117,https://res.cloudinary.com/dnymlkh8e/image/upload/v1775208779/Ichthyaetus_audouinii_ieggvl.png
Oenanthe leucopyga,White-crowned wheatear,Common,93,https://res.cloudinary.com/dnymlkh8e/image/upload/v1775208854/Oenanthe_leucopyga_e0nrad.png
Limnodromus scolopaceus,Long-billed dowitcher,Common,948,https://res.cloudinary.com/dnymlkh8e/image/upload/v1775208811/Limnodromus_scolopaceus_jf07fr.png
Carpodacus sibiricus,Siberian long-tailed rosefinch,Common,6,https://res.cloudinary.com/dnymlkh8e/image/upload/v1775208680/Carpodacus_sibiricus_ab8yfb.png
Oenanthe deserti,Desert wheatear,Migrating,359,https://res.cloudinary.com/dnymlkh8e/image/upload/v1775208851/Oenanthe_deserti_fcpl05.png
Otus scops,Scops owl,Common,102,https://res.cloudinary.com/dnymlkh8e/image/upload/v1775208857/Otus_scops_hkdpx7.png
Anthus campestris,Tawny pipit,Common,209,https://res.cloudinary.com/dnymlkh8e/image/upload/v1775208541/Anthus_campestris_h7e21x.png
Zoothera aurea,White's thrush,Common,35,https://res.cloudinary.com/dnymlkh8e/image/upload/v1775208965/Zoothera_aurea_wpfguz.png
Emberiza buchanani,Emberiza,Common,237,https://res.cloudinary.com/dnymlkh8e/image/upload/v1775208729/Emberiza_buchanani_w6pt3n.png
Aquila heliaca,Eastern imperial eagle,Endangered,315,https://res.cloudinary.com/dnymlkh8e/image/upload/v1775208586/Aquila_heliaca_srt90g.png
Lanius schach,Long-tailed shrike,Common,83,https://res.cloudinary.com/dnymlkh8e/image/upload/v1775208786/Lanius_schach_vwge2e.png
Rhodostethia rosea,Ross's gull,Common,448,https://res.cloudinary.com/dnymlkh8e/image/upload/v1775208910/Rhodostethia_rosea_sqbo0t.png
Pluvialis fulva,Pacific golden plover,Migrating,362,https://res.cloudinary.com/dnymlkh8e/image/upload/v1775208892/Pluvialis_fulva_jf5tv7.png
Oenanthe isabellina,Isabelline wheatear,Migrating,351,https://res.cloudinary.com/dnymlkh8e/image/upload/v1775208853/Oenanthe_isabellina_gvlmbs.png
Calidris acuminata,Sharp-tailed sandpiper,Migrating,94,https://res.cloudinary.com/dnymlkh8e/image/upload/v1775208644/Calidris_acuminata_fnsbec.png
Pelecanus crispus,Dalmatian pelican,Endangered,52,https://res.cloudinary.com/dnymlkh8e/image/upload/v1775208866/Pelecanus_crispus_dibslk.png
Marmaronetta angustirostris,Marbled duck,Common,235,https://res.cloudinary.com/dnymlkh8e/image/upload/v1775208831/Marmaronetta_angustirostris_frbhao.png
Calonectris diomedea,Scopoli's shearwater,Common,50,https://res.cloudinary.com/dnymlkh8e/image/upload/v1775208677/Calonectris_diomedea_ymsedo.png
Ficedula albicollis,Collared flycatcher,Migrating,385,https://res.cloudinary.com/dnymlkh8e/image/upload/v1775208748/Ficedula_albicollis_xrdtmw.png
Vanellus spinosus,Spur-winged lapwing,Common,52,https://res.cloudinary.com/dnymlkh8e/image/upload/v1775208960/Vanellus_spinosus_afxpdt.png
Phylloscopus borealis,Arctic warbler,Migrating,347,https://res.cloudinary.com/dnymlkh8e/image/upload/v1775208877/Phylloscopus_borealis_vboxis.png
Botaurus lentiginosus,American bittern,Common,88,https://res.cloudinary.com/dnymlkh8e/image/upload/v1775208611/Botaurus_lentiginosus_grtoqb.png
Acrocephalus paludicola,Aquatic warbler,Migrating,26,https://res.cloudinary.com/dnymlkh8e/image/upload/v1775208506/Acrocephalus_paludicola_tivvnk.png
Ardea purpurea,Purple heron,Common,143,https://res.cloudinary.com/dnymlkh8e/image/upload/v1775208592/Ardea_purpurea_pya1te.png
Thalassarche melanophris,Black-browed albatross,Common,310,https://res.cloudinary.com/dnymlkh8e/image/upload/v1775208942/Thalassarche_melanophris_ssmdm3.png
Anser cygnoides,Swan goose,Exotic,187,https://res.cloudinary.com/dnymlkh8e/image/upload/v1775208534/Anser_cygnoides_y0pbo0.png
Haliaeetus pelagicus,Steller's sea eagle,Endangered,25,https://res.cloudinary.com/dnymlkh8e/image/upload/v1775208772/Haliaeetus_pelagicus_or9eq2.png
Anthus godlewskii,Blyth's pipit,Common,144,https://res.cloudinary.com/dnymlkh8e/image/upload/v1775208574/Anthus_godlewskii_jnxwbd.png
Chroicocephalus philadelphia,Bonaparte's gull,Common,383,https://res.cloudinary.com/dnymlkh8e/image/upload/v1775208695/Chroicocephalus_philadelphia_pxipkd.png
Vireo olivaceus,Red-eyed vireo,Endangered,116,https://res.cloudinary.com/dnymlkh8e/image/upload/v1775208961/Vireo_olivaceus_ovhvjh.png
Locustella lanceolata,Lanceolated warbler,Migrating,28,https://res.cloudinary.com/dnymlkh8e/image/upload/v1775208820/Locustella_lanceolata_cexlc7.png
Emberiza cineracea,Emberiza,Common,65,https://res.cloudinary.com/dnymlkh8e/image/upload/v1775208731/Emberiza_cineracea_i2pvqp.png
Leucophaeus atricilla,Laughing gull,Common,350,https://res.cloudinary.com/dnymlkh8e/image/upload/v1775208809/Leucophaeus_atricilla_vmanes.png
Larus glaucescens,Glaucous-winged gull,Common,68,https://res.cloudinary.com/dnymlkh8e/image/upload/v1775208792/Larus_glaucescens_jco2au.png
Larvivora sibilans,Rufous-tailed robin,Common,22,https://res.cloudinary.com/dnymlkh8e/image/upload/v1775208795/Larvivora_sibilans_kpxm9m.png
Coracias garrulus,European roller,Common,369,https://res.cloudinary.com/dnymlkh8e/image/upload/v1775208709/Coracias_garrulus_jtacrt.png
Pelecanus onocrotalus,Great white pelican,Endangered,121,https://res.cloudinary.com/dnymlkh8e/image/upload/v1775208866/Pelecanus_onocrotalus_ll6lua.png
Syrmaticus reevesii,Reeves's pheasant,Exotic,246,https://res.cloudinary.com/dnymlkh8e/image/upload/v1775208938/Syrmaticus_reevesii_lsyjim.png
Sterna dougallii,Roseate tern,Common,52,https://res.cloudinary.com/dnymlkh8e/image/upload/v1775208925/Sterna_dougallii_sgmgiw.png
Onychoprion anaethetus,Bridled tern,Common,20,https://res.cloudinary.com/dnymlkh8e/image/upload/v1775208855/Onychoprion_anaethetus_pldywj.png
Prunella collaris,Alpine accentor,Common,289,https://res.cloudinary.com/dnymlkh8e/image/upload/v1775208900/Prunella_collaris_uj4kta.png
Acrocephalus agricola,Paddyfield warbler,Migrating,177,https://res.cloudinary.com/dnymlkh8e/image/upload/v1775208505/Acrocephalus_agricola_gazrgq.png
Tachymarptis melba,Alpine swift,Migrating,179,https://res.cloudinary.com/dnymlkh8e/image/upload/v1775208939/Tachymarptis_melba_jwky0w.png
Cygnus melancoryphus,Black-necked swan,Common,14,https://res.cloudinary.com/dnymlkh8e/image/upload/v1775208721/Cygnus_melancoryphus_jm07ti.png
Sylvia nana,Asian desert warbler,Common,50,https://res.cloudinary.com/dnymlkh8e/image/upload/v1775208936/Sylvia_nana_lrwdmz.png
Zenaida macroura,Mourning dove,Common,141,https://res.cloudinary.com/dnymlkh8e/image/upload/v1775208963/Zenaida_macroura_unpk6u.png
Cettia cetti,Cetti's warbler,Common,35,https://res.cloudinary.com/dnymlkh8e/image/upload/v1775208686/Cettia_cetti_x6fqoa.png
Alectoris rufa,Red-legged partridge,Common,124,https://res.cloudinary.com/dnymlkh8e/image/upload/v1775208516/Alectoris_rufa_mbckkz.png
Threskiornis aethiopicus,African sacred ibis,Common,109,https://res.cloudinary.com/dnymlkh8e/image/upload/v1775208944/Threskiornis_aethiopicus_w7g9kx.png
Gyps rueppellii,Rüppell's vulture,Endangered,8,https://res.cloudinary.com/dnymlkh8e/image/upload/v1775208769/Gyps_rueppellii_iybh9y.png
Vanellus gregarius,Sociable lapwing,Migrating,101,https://res.cloudinary.com/dnymlkh8e/image/upload/v1775208959/Vanellus_gregarius_ypraer.png
Iduna caligata,Booted warbler,Common,139,https://res.cloudinary.com/dnymlkh8e/image/upload/v1775208781/Iduna_caligata_zjxkwq.png
Cyanopica cooki,Iberian magpie,Common,10,https://res.cloudinary.com/dnymlkh8e/image/upload/v1775208718/Cyanopica_cooki_pmiu1b.png
Sturnus unicolor,Spotless starling,Migrating,87,https://res.cloudinary.com/dnymlkh8e/image/upload/v1775208931/Sturnus_unicolor_vprohu.png
Phylloscopus griseolus,Sulphur-bellied warbler,Common,51,https://res.cloudinary.com/dnymlkh8e/image/upload/v1775208879/Phylloscopus_griseolus_cckpb2.png
Hippolais polyglotta,Melodious warbler,Migrating,38,https://res.cloudinary.com/dnymlkh8e/image/upload/v1775208775/Hippolais_polyglotta_gksjf2.png
Catharus ustulatus,Swainson's thrush,Common,13,https://res.cloudinary.com/dnymlkh8e/image/upload/v1775208682/Catharus_ustulatus_t8qnoq.png
Curruca iberiae,Western subalpine warbler,Common,72,https://res.cloudinary.com/dnymlkh8e/image/upload/v1775208715/Curruca_iberiae_uuczc0.png
Cecropis daurica,Eastern red-rumped swallow,Common,27,https://res.cloudinary.com/dnymlkh8e/image/upload/v1775208682/Cecropis_daurica_xfusop.png
Anthropoides virgo,Demoiselle crane,Migrating,136,https://res.cloudinary.com/dnymlkh8e/image/upload/v1775208540/Anthropoides_virgo_vt3lgu.png
Emberiza melanocephala,Black-headed bunting,Migrating,229,https://res.cloudinary.com/dnymlkh8e/image/upload/v1775208735/Emberiza_melanocephala_c9fimg.png
Melanitta deglandi,White-winged scoter,Common,184,https://res.cloudinary.com/dnymlkh8e/image/upload/v1775208832/Melanitta_deglandi_a9tyol.png
Chloephaga picta,Upland goose,Common,15,https://res.cloudinary.com/dnymlkh8e/image/upload/v1775208692/Chloephaga_picta_nddqw3.png
Uria lomvia,Thick-billed murre,Common,39,https://res.cloudinary.com/dnymlkh8e/image/upload/v1775208958/Uria_lomvia_qv1nmx.png
Grus japonensis,Red-crowned crane,Common,74,https://res.cloudinary.com/dnymlkh8e/image/upload/v1775208768/Grus_japonensis_ljlq09.png
Calidris pusilla,Semipalmated sandpiper,Common,83,https://res.cloudinary.com/dnymlkh8e/image/upload/v1775208674/Calidris_pusilla_fignen.png
Phoenicopterus roseus,Greater flamingo,Common,24,https://res.cloudinary.com/dnymlkh8e/image/upload/v1775208875/Phoenicopterus_roseus_ylxue6.png
Aegypius monachus,Cinereous vulture,Common,27,https://res.cloudinary.com/dnymlkh8e/image/upload/v1775208512/Aegypius_monachus_ai87lt.png
Emberiza cia,Rock bunting,Common,19,https://res.cloudinary.com/dnymlkh8e/image/upload/v1775208731/Emberiza_cia_kp5sai.png
Clamator glandarius,Great spotted cuckoo,Common,120,https://res.cloudinary.com/dnymlkh8e/image/upload/v1775208704/Clamator_glandarius_kkor8k.png
Emberiza bruniceps,Red-headed bunting,Migrating,56,https://res.cloudinary.com/dnymlkh8e/image/upload/v1775208728/Emberiza_bruniceps_t72wvq.png
Calidris ruficollis,Red-necked stint,Migrating,29,https://res.cloudinary.com/dnymlkh8e/image/upload/v1775208675/Calidris_ruficollis_cdjcy6.png
Lanius cristatus,Brown shrike,Common,44,https://res.cloudinary.com/dnymlkh8e/image/upload/v1775208784/Lanius_cristatus_zwysak.png
Sylvia sarda,Marmora's warbler,Common,44,https://res.cloudinary.com/dnymlkh8e/image/upload/v1775208937/Sylvia_sarda_bjnll5.png
Picoides tridactylus,Eurasian three-toed woodpecker,Common,27,https://res.cloudinary.com/dnymlkh8e/image/upload/v1775208886/Picoides_tridactylus_syzwd6.png
Setophaga striata,Blackpoll warbler,Migrating,60,https://res.cloudinary.com/dnymlkh8e/image/upload/v1775208917/Setophaga_striata_hzq2ej.png
Charadrius asiaticus,Caspian plover,Migrating,1,https://res.cloudinary.com/dnymlkh8e/image/upload/v1775208687/Charadrius_asiaticus_lwxqyo.png
Charadrius leschenaultii,Greater sand plover,Common,112,https://res.cloudinary.com/dnymlkh8e/image/upload/v1775208689/Charadrius_leschenaultii_mve1ot.png
Bartramia longicauda,Upland sandpiper,Common,47,https://res.cloudinary.com/dnymlkh8e/image/upload/v1775208608/Bartramia_longicauda_m9g6i6.png
Pelecanus rufescens,Pink-backed pelican,Common,57,https://res.cloudinary.com/dnymlkh8e/image/upload/v1775208867/Pelecanus_rufescens_xkcr0y.png
Phoeniconaias minor,Lesser flamingo,Common,18,https://res.cloudinary.com/dnymlkh8e/image/upload/v1775208874/Phoeniconaias_minor_e8s5pi.png
Apus pacificus,Pacific swift,Migrating,73,https://res.cloudinary.com/dnymlkh8e/image/upload/v1775208581/Apus_pacificus_fyqs2i.png
Chroicocephalus genei,Slender-billed gull,Migrating,16,https://res.cloudinary.com/dnymlkh8e/image/upload/v1775208694/Chroicocephalus_genei_yrtgey.png
Psittacula eupatria,Alexandrine parakeet,Common,51,https://res.cloudinary.com/dnymlkh8e/image/upload/v1775208902/Psittacula_eupatria_sgirt7.png
Chrysolophus pictus,Golden pheasant,Common,23,https://res.cloudinary.com/dnymlkh8e/image/upload/v1775208696/Chrysolophus_pictus_rpoyi2.png
Spatula cyanoptera,Cinnamon teal,Common,16,https://res.cloudinary.com/dnymlkh8e/image/upload/v1775208920/Spatula_cyanoptera_j2pa8v.png
Ficedula albicilla,Taiga flycatcher,Migrating,29,https://res.cloudinary.com/dnymlkh8e/image/upload/v1775208748/Ficedula_albicilla_wf7cww.png
Apus affinis,Little swift,Common,21,https://res.cloudinary.com/dnymlkh8e/image/upload/v1775208580/Apus_affinis_mnruwq.png
Myiopsitta monachus,Monk parakeet,Common,12,https://res.cloudinary.com/dnymlkh8e/image/upload/v1775208846/Myiopsitta_monachus_acpoyt.png
Phylloscopus nitidus,Green warbler,Common,48,https://res.cloudinary.com/dnymlkh8e/image/upload/v1775208881/Phylloscopus_nitidus_zpkko7.png
Puffinus gravis,Great shearwater,Common,14,https://res.cloudinary.com/dnymlkh8e/image/upload/v1775208904/Puffinus_gravis_ddji9b.png
Ichthyaetus ichthyaetus,Pallas's gull,Common,7,https://res.cloudinary.com/dnymlkh8e/image/upload/v1775208780/Ichthyaetus_ichthyaetus_jjwa8u.png
Hirundapus caudacutus,White-throated needletail,Migrating,4,https://res.cloudinary.com/dnymlkh8e/image/upload/v1775208776/Hirundapus_caudacutus_z4teoq.png
Catharus guttatus,Hermit thrush,Common,6,https://res.cloudinary.com/dnymlkh8e/image/upload/v1775208681/Catharus_guttatus_bbeu4c.png
Pernis ptilorhynchus,Crested honey buzzard,Common,19,https://res.cloudinary.com/dnymlkh8e/image/upload/v1775208869/Pernis_ptilorhynchus_kuiasg.png
Falco eleonorae,Eleonora's falcon,Common,2,https://res.cloudinary.com/dnymlkh8e/image/upload/v1775208742/Falco_eleonorae_xcr3is.png
Corvus albus,Pied crow,Common,1,https://res.cloudinary.com/dnymlkh8e/image/upload/v1775208709/Corvus_albus_dlic4f.png
Ara militaris,Military macaw,Endangered,4,https://res.cloudinary.com/dnymlkh8e/image/upload/v1775208588/Ara_militaris_jnmbx7.png
Haliaeetus leucocephalus,Bald eagle,Endangered,4,https://res.cloudinary.com/dnymlkh8e/image/upload/v1775208772/Haliaeetus_leucocephalus_blg2yy.png
Thalasseus elegans,Elegant tern,Migrating,4,https://res.cloudinary.com/dnymlkh8e/image/upload/v1775208942/Thalasseus_elegans_bbbkzd.png
Alectoris chukar,Chukar partridge,Exotic,11,https://res.cloudinary.com/dnymlkh8e/image/upload/v1775208515/Alectoris_chukar_eslq7r.png
Leucophaeus pipixcan,Franklin's gull,Common,9,https://res.cloudinary.com/dnymlkh8e/image/upload/v1775208810/Leucophaeus_pipixcan_xqkd0l.png
Ptyonoprogne rupestris,Eurasian crag martin,Migrating,7,https://res.cloudinary.com/dnymlkh8e/image/upload/v1775208904/Ptyonoprogne_rupestris_prqcep.png
Falco biarmicus,Lanner falcon,Common,4,https://res.cloudinary.com/dnymlkh8e/image/upload/v1775208739/Falco_biarmicus_vojkiu.png
Zonotrichia leucophrys,White-crowned sparrow,Migrating,1,https://res.cloudinary.com/dnymlkh8e/image/upload/v1775208965/Zonotrichia_leucophrys_uofdt2.png
Turdus obscurus,Eyebrowed thrush,Migrating,2,https://res.cloudinary.com/dnymlkh8e/image/upload/v1775208953/Turdus_obscurus_d6l7cr.png
Larus armenicus,Armenian gull,Common,1,https://res.cloudinary.com/dnymlkh8e/image/upload/v1775208789/Larus_armenicus_id9kty.png
Passer hispaniolensis,Spanish sparrow,Common,1,https://res.cloudinary.com/dnymlkh8e/image/upload/v1775208862/Passer_hispaniolensis_o3i8v3.png
